,date,number of titles for irma,number of titles for harvey,number of titles for maria,number of titles for irene,number of summaries for irma,number of summaries for harvey,number of summaries for maria,number of summaries for irene,number of occurrence of hurricane,hitsCount,hurricaneName
0,2016-08-15,0,0,0,4,0,0,0,0,4,0,
1,2012-03-07,0,0,0,1,0,0,0,0,2,0,
2,2011-12-07,0,0,0,5,0,0,0,0,6,0,
3,2017-08-24,0,193,0,0,0,12,0,0,238,1,Harvey
4,2011-12-24,0,0,0,15,0,0,0,0,17,0,
5,2011-09-05,0,0,0,1,0,0,0,0,1,0,
6,2017-10-07,0,1,0,0,0,0,0,0,1,0,
7,2018-08-09,0,0,2,0,0,0,2,0,51,0,
8,2018-07-22,0,3,0,0,0,1,0,0,4,0,
9,2018-10-28,0,0,35,0,0,0,1,0,44,0,
10,2016-10-09,0,0,0,1,0,0,0,0,1,0,
11,2016-08-25,0,0,0,1,0,0,0,0,1,0,
12,2011-08-27,0,0,0,345,0,0,1,26,411,1,Irene
13,2018-08-14,0,0,121,0,0,1,4,0,149,0,
14,2018-10-10,0,3,7,0,0,0,0,0,11,0,
15,2018-08-21,0,6,0,0,0,2,0,0,7,0,
16,2011-08-28,0,0,0,426,0,0,1,18,507,1,Irene
17,2018-09-02,0,19,18,0,0,3,0,0,40,0,
18,2017-09-25,1,2,0,0,0,0,0,0,2,1,Maria
19,2017-09-24,2,0,0,0,0,0,0,0,5,1,Maria
20,2017-10-31,33,0,0,0,2,1,0,0,36,0,
21,2018-07-24,0,1,0,0,0,0,0,0,1,0,
22,2018-08-31,0,14,7,0,0,3,3,0,27,0,
23,2012-03-23,0,0,0,28,0,0,0,1,32,0,
24,2017-11-11,1,0,0,0,0,0,0,0,1,0,
25,2018-02-10,0,0,0,1,0,0,0,0,1,0,
26,2012-01-08,0,0,0,2,0,0,0,0,2,0,
27,2018-06-10,0,0,1,0,0,0,0,0,1,0,
28,2017-11-03,0,1,0,0,0,0,0,0,1,0,
29,2017-09-17,2,2,0,0,0,0,0,0,6,1,Maria
30,2018-08-19,0,0,3,0,0,0,0,0,3,0,
31,2011-08-25,0,0,0,147,0,0,1,8,192,1,Irene
32,2017-09-22,38,1,0,0,6,1,1,0,173,1,Maria
33,2017-12-03,0,1,1,0,0,0,1,0,3,0,
34,2011-09-14,0,0,0,81,0,0,0,9,97,0,
35,2017-12-17,0,5,0,0,0,1,0,0,13,0,
36,2018-08-03,0,4,0,0,0,1,0,0,4,0,
37,2018-06-12,0,0,33,0,0,0,12,0,82,0,
38,2011-09-16,0,0,0,1,0,0,0,0,1,0,
39,2011-09-02,0,0,0,3,0,0,0,0,3,0,
40,2018-09-15,0,0,95,0,0,0,4,0,126,0,
41,2012-03-24,0,0,0,1,0,0,0,0,1,0,
42,2017-12-07,0,2,0,0,0,0,0,0,2,0,
43,2011-09-15,0,0,0,17,0,0,0,2,21,0,
44,2018-05-30,0,0,112,0,2,1,12,0,146,0,
45,2018-09-03,0,22,37,0,1,4,1,0,64,0,
46,2018-07-08,0,1,0,0,0,0,0,0,1,0,
47,2018-05-21,0,0,9,0,0,0,2,0,16,0,
48,2018-01-22,0,0,106,0,0,0,15,0,118,0,
49,2011-12-12,0,0,0,1,0,0,0,0,1,0,
50,2017-09-19,0,0,371,0,16,7,21,0,486,1,Maria
51,2018-09-24,0,0,30,0,1,0,0,0,30,0,
52,2018-04-04,0,0,0,1,0,0,0,0,2,0,
53,2017-11-06,0,1,0,0,0,0,0,0,1,0,
54,2012-08-28,0,0,0,7,0,0,0,0,7,0,
55,2018-10-12,0,0,1,0,0,0,0,0,1,0,
56,2018-09-13,0,63,1151,0,1,2,45,0,1442,0,
57,2011-08-24,0,0,0,16,0,0,0,1,19,1,Irene
58,2018-01-21,0,0,42,0,0,0,3,0,45,0,
59,2017-09-11,1307,118,0,0,58,9,0,0,1634,1,Irma
60,2018-10-13,0,0,1,0,0,0,0,0,2,0,
61,2018-08-06,0,3,0,0,0,0,0,0,4,0,
62,2017-10-26,0,0,3,0,1,0,1,0,6,0,
63,2018-09-10,6,1,1,0,1,0,0,0,12,0,
64,2012-10-29,0,0,0,251,0,0,0,34,546,0,
65,2017-10-30,44,0,0,0,5,0,0,0,49,0,
66,2016-09-09,0,0,0,3,0,0,0,0,3,0,
67,2011-09-01,0,0,0,220,0,0,0,4,230,0,
68,2018-02-09,1,1,0,13,0,0,0,0,16,0,
69,2018-01-23,0,0,6,0,0,0,1,0,7,0,
70,2018-09-18,0,0,80,0,2,1,6,0,96,0,
71,2018-09-26,0,0,1,1,0,0,0,0,3,0,
72,2017-09-05,944,135,0,2,96,37,0,0,1213,1,Irma
73,2011-08-23,0,0,0,26,0,0,0,1,40,1,Irene
74,2018-08-12,0,0,59,0,0,1,0,0,67,0,
75,2018-06-20,2,2,0,0,0,1,0,0,6,0,
76,2015-04-11,0,0,0,1,0,0,0,1,1,0,
77,2018-09-19,0,0,7,0,0,0,1,0,9,0,
78,2018-06-07,0,7,6,0,1,0,1,0,23,0,
79,2012-11-10,0,0,0,3,0,0,0,0,3,0,
80,2018-07-29,0,3,0,0,0,0,0,0,4,0,
81,2017-11-05,0,1,0,0,0,0,0,0,1,0,
82,2017-09-18,1,0,68,0,6,0,9,0,79,1,Maria
83,2017-10-16,0,1,0,0,0,0,0,0,1,0,
84,2018-07-23,0,17,0,1,0,0,0,0,19,0,
85,2018-08-20,0,26,0,0,0,5,0,0,33,0,
86,2018-09-25,0,6,1,0,0,0,0,0,7,0,
87,2017-10-01,0,0,0,3,0,0,0,0,3,1,Maria
88,2018-09-06,40,0,0,0,6,0,2,0,46,0,
89,2018-09-29,0,4,17,0,0,0,0,0,22,0,
90,2018-07-02,0,8,0,0,0,4,0,0,8,0,
91,2018-08-26,18,7,0,0,5,1,0,0,32,0,
92,2018-09-11,1,0,263,0,1,1,12,0,290,0,
93,2011-09-07,0,0,0,10,0,0,0,1,10,0,
94,2018-06-19,1,12,0,0,1,6,1,0,28,0,
95,2012-11-01,0,0,0,1,0,0,0,0,2,0,
96,2018-07-25,0,2,0,0,0,0,0,0,2,0,
97,2017-10-15,1,0,0,0,1,0,0,0,3,0,
98,2018-10-11,0,1,2,0,0,0,0,0,3,0,
99,2017-09-10,1671,28,0,0,114,23,0,0,2024,1,Irma
100,2017-09-08,787,23,0,0,92,7,0,0,961,1,Irma
101,2011-12-08,0,0,0,3,0,0,0,1,3,0,
102,2018-07-28,0,31,0,0,0,1,0,0,36,0,
103,2018-01-25,0,0,1,0,0,0,0,0,1,0,
104,2018-02-21,0,0,9,0,0,0,0,0,10,0,
105,2011-08-31,0,0,0,178,0,0,0,4,181,0,
106,2018-06-17,32,0,0,0,7,0,0,0,44,0,
107,2018-06-24,1,0,0,0,0,0,0,0,2,0,
108,2017-09-27,50,50,0,0,3,3,1,0,54,1,Maria
109,2011-08-26,0,0,0,397,0,0,0,12,442,1,Irene
110,2017-09-26,11,10,0,0,1,3,2,0,15,1,Maria
111,2017-09-12,237,1370,0,0,22,26,1,1,3059,1,Irma
112,2018-07-26,0,1,0,0,0,1,0,0,1,0,
113,2018-08-30,0,16,28,0,0,0,0,0,51,0,
114,2018-07-13,1,0,15,0,1,0,1,0,22,0,
115,2018-06-04,0,1,0,0,0,0,0,0,1,0,
116,2011-09-06,0,0,0,32,0,0,0,1,32,0,
117,2016-07-25,0,0,0,2,0,0,0,1,3,0,
118,2018-06-18,14,0,0,0,1,2,0,0,21,0,
119,2018-10-05,0,2,0,0,0,0,0,0,2,0,
120,2018-07-06,0,4,0,0,0,0,0,0,4,0,
121,2018-02-11,0,28,0,0,0,6,0,0,34,0,
122,2018-09-14,0,5,920,0,4,5,20,0,1563,0,
123,2018-09-17,0,0,9,0,0,0,1,0,9,0,
124,2015-11-01,0,0,0,1,0,0,0,1,3,0,
125,2017-12-19,1,0,0,0,0,0,0,0,1,0,
126,2018-05-31,0,61,38,0,1,1,5,0,109,0,
127,2018-03-03,0,0,0,2,0,0,0,0,2,0,
128,2018-10-29,0,0,3,0,0,0,0,0,3,0,
129,2018-10-20,0,5,1,0,0,0,0,0,6,0,
130,2018-08-11,0,0,411,0,3,1,12,0,490,0,
131,2017-08-30,0,370,0,0,0,34,0,0,407,2,"Harvey, Irma"
132,2018-07-07,0,1,0,0,0,0,0,0,1,0,
133,2018-05-11,0,2,0,0,0,2,0,0,5,0,
134,2018-05-29,0,0,195,0,1,1,18,0,259,0,
135,2017-09-03,61,42,0,0,6,5,0,0,132,2,"Harvey, Irma"
136,2018-06-26,0,289,0,0,0,12,0,0,300,0,
137,2011-08-22,0,0,0,30,0,0,0,4,36,1,Irene
138,2017-09-09,1199,6,0,1,113,10,0,1,1450,1,Irma
139,2017-09-14,13,0,0,0,2,0,0,0,13,0,
140,2012-10-30,0,0,0,23,0,0,0,1,55,0,
141,2017-10-06,0,0,10,0,0,0,0,0,10,0,
142,2012-03-01,0,0,0,2,0,0,0,0,2,0,
143,2018-08-16,0,0,4,0,0,0,0,0,5,0,
144,2018-06-02,0,1,1,0,0,0,0,0,2,0,
145,2018-10-08,200,5,0,0,5,0,0,0,210,0,
146,2018-09-01,0,12,2,0,0,2,1,0,20,0,
147,2017-11-08,2,0,0,0,0,0,0,0,2,0,
148,2018-10-03,0,1,0,0,0,1,0,0,1,0,
149,2018-01-17,1,1,0,0,0,0,0,0,2,0,
150,2017-11-02,0,34,0,0,0,7,0,0,38,0,
151,2012-08-27,0,0,0,3,0,0,0,0,4,0,
152,2018-06-09,0,4,0,0,0,0,0,0,4,0,
153,2018-10-17,0,0,12,0,0,0,1,0,13,0,
154,2018-07-04,0,115,0,0,0,6,0,0,121,0,
155,2012-03-02,0,0,0,1,0,0,0,1,1,0,
156,2018-10-02,0,5,0,0,0,0,0,0,5,0,
157,2018-06-21,1,0,0,0,0,0,0,0,3,0,
158,2011-08-30,0,0,0,31,0,0,0,3,36,0,
159,2018-10-09,9,15,14,0,0,0,0,0,38,0,
160,2017-09-16,103,1,0,0,13,12,1,0,128,1,Maria
161,2018-08-29,0,19,172,1,0,4,5,0,229,0,
162,2018-07-01,0,205,0,0,0,26,0,0,218,0,
163,2018-10-26,0,19,4,0,0,0,0,0,25,0,
164,2018-01-30,2,0,0,0,1,0,0,0,2,0,
165,2018-08-28,0,13,392,1,4,3,34,1,544,0,
166,2018-02-08,0,0,0,4,0,0,0,2,4,0,
167,2018-06-13,0,0,6,0,0,0,0,0,7,0,
168,2018-08-05,0,2,0,0,0,0,0,0,2,0,
169,2018-05-10,0,17,0,0,0,8,0,0,27,0,
170,2011-08-29,0,0,0,396,0,0,0,37,454,0,
171,2017-10-03,0,0,3,0,0,0,0,0,3,0,
172,2018-07-05,0,35,0,0,0,2,0,0,43,0,
173,2018-09-20,0,0,46,4,2,2,11,2,116,0,
174,2017-10-05,0,0,70,0,0,0,2,0,71,0,
175,2011-12-29,0,0,0,1,0,0,0,0,1,0,
176,2017-08-26,0,322,0,0,0,19,0,0,363,1,Harvey
177,2017-09-15,6,3,0,0,1,0,0,0,13,0,
178,2018-10-25,0,1,0,0,0,0,0,0,1,0,
179,2017-12-18,0,15,0,0,0,2,0,0,24,0,
180,2012-01-11,0,0,0,2,0,0,0,0,2,0,
181,2018-09-12,0,0,1141,0,0,7,39,0,1252,0,
182,2018-06-27,0,7,0,0,0,0,0,0,7,0,
183,2018-08-10,0,0,2,0,0,0,0,0,2,0,
184,2017-08-31,9,112,0,0,2,11,0,0,130,2,"Harvey, Irma"
185,2018-09-30,0,0,1,0,0,0,0,0,1,0,
186,2017-11-13,1,1,0,0,0,0,0,0,3,0,
187,2018-01-31,4,0,0,0,0,0,0,0,4,0,
188,2011-09-04,0,0,0,5,0,0,0,0,6,0,
189,2018-07-03,1,0,0,0,1,0,0,0,4,0,
190,2018-10-27,0,1,13,0,0,0,1,0,20,0,
191,2018-07-15,0,4,0,0,0,1,0,0,5,0,
192,2017-12-14,0,5,0,0,0,1,0,0,7,0,
193,2012-11-09,0,0,0,3,0,0,0,1,4,0,
194,2017-09-07,1614,11,0,0,117,24,0,2,2037,1,Irma
195,2011-12-13,0,0,0,2,0,0,0,0,2,0,
196,2018-02-20,0,0,77,0,0,0,0,0,80,0,
197,2012-11-12,0,0,0,1,0,0,0,0,1,0,
198,2017-08-28,0,1666,0,0,0,54,0,1,1760,1,Harvey
199,2018-06-01,0,65,50,0,0,3,6,0,132,0,
200,2018-08-04,0,5,0,0,0,1,0,0,8,0,
201,2017-09-23,1,0,0,0,0,0,0,0,1,1,Maria
202,2018-06-11,0,0,8,0,0,0,2,0,11,0,
203,2018-10-04,0,44,0,0,0,4,0,0,49,0,
204,2012-03-22,0,0,0,7,0,0,0,0,8,0,
205,2018-01-28,0,0,1,0,0,0,0,0,1,0,
206,2017-09-29,0,0,0,2,0,0,0,1,3,1,Maria
207,2018-10-06,0,0,0,7,0,0,0,0,7,0,
208,2018-09-04,0,7,2,0,0,1,0,0,10,0,
209,2017-09-01,33,235,0,0,19,23,0,0,321,2,"Harvey, Irma"
210,2017-09-30,1,0,0,0,0,0,0,0,1,1,Maria
211,2017-08-29,0,356,0,0,0,20,0,0,396,1,Harvey
212,2017-10-25,0,0,1,0,0,0,1,0,1,0,
213,2017-04-24,0,0,0,1,0,0,0,0,1,0,
214,2018-06-08,0,5,1,0,2,2,1,0,9,0,
215,2018-06-14,0,1,1,0,0,0,0,0,4,0,
216,2018-10-24,0,9,0,0,0,1,0,0,9,0,
217,2018-06-25,1,0,0,0,0,0,0,0,1,0,
218,2018-05-19,0,1,0,0,0,1,0,0,2,0,
219,2018-09-21,0,11,40,1,0,0,3,1,83,0,
220,2017-09-13,70,11,0,0,3,2,0,0,96,1,Irma
221,2018-10-23,0,7,0,0,0,0,0,0,7,0,
222,2018-08-25,0,65,0,0,0,9,0,0,70,0,
223,2017-10-02,0,0,6,0,0,0,1,0,7,1,Maria
224,2017-11-07,0,3,0,0,0,1,0,0,7,0,
225,2017-10-18,0,1,0,0,0,0,0,0,1,0,
226,2018-10-22,0,2,0,0,0,0,0,0,2,0,
227,2018-08-15,0,0,527,0,2,2,11,0,632,0,
228,2017-09-02,41,193,0,0,7,19,0,0,267,2,"Harvey, Irma"
229,2017-08-25,0,502,0,0,0,21,0,0,571,1,Harvey
230,2017-08-27,0,735,0,0,0,32,0,0,771,1,Harvey
231,2018-08-27,6,9,1,12,1,0,0,4,32,0,
232,2018-09-22,0,2,1,0,0,2,1,0,8,0,
233,2011-09-03,0,0,0,31,0,0,0,1,34,0,
234,2016-09-10,0,0,0,3,0,0,0,0,3,0,
235,2012-02-28,0,0,0,15,0,0,0,2,16,0,
236,2017-10-27,0,1,0,0,0,0,0,0,1,0,
237,2017-09-06,1245,110,0,5,110,46,0,2,1764,1,Irma
238,2017-09-04,282,141,0,0,18,20,0,0,510,1,Irma
239,2018-09-07,1,0,0,0,1,0,0,0,1,0,
240,2018-09-16,0,0,112,0,0,0,7,0,125,0,
241,2012-02-29,0,0,0,143,0,0,0,8,157,0,
242,2017-09-20,3,0,3,0,0,0,1,0,7,1,Maria
243,2018-09-09,18,0,0,0,5,0,0,0,32,0,
244,2018-06-30,0,7,0,0,0,0,0,0,7,0,
