date,Climate Change,Impact,Send Help,Social Media,Politics,Maria
2011-08-22,0,0,0,0,0,0
2011-08-23,0,0,0,0,0,0
2011-08-24,0,0,0,0,0,0
2011-08-25,0,0,1,3,0,0
2011-08-26,0,8,0,2,0,0
2011-08-27,0,8,0,1,0,0
2011-08-28,0,14,0,0,0,0
2011-08-29,0,9,0,0,0,0
2011-08-30,0,2,0,0,0,0
2011-08-31,0,1,140,0,0,0
2011-09-01,1,0,215,0,0,0
2011-09-02,0,0,2,0,0,0
2011-09-03,0,0,1,0,0,0
2011-09-04,0,0,1,0,0,0
2011-09-05,0,0,0,0,0,0
2011-09-06,0,0,1,0,0,0
2011-09-07,0,0,0,0,0,0
2011-09-14,0,2,0,1,0,0
2011-09-15,0,0,0,0,0,0
2011-09-16,0,0,0,0,0,0
2011-12-07,0,0,0,0,0,0
2011-12-08,0,0,0,0,0,0
2011-12-12,0,0,1,0,0,0
2011-12-13,0,0,0,0,0,0
2011-12-24,0,0,0,0,0,0
2011-12-29,0,0,0,0,0,0
2012-01-08,0,0,0,0,0,0
2012-01-11,0,0,0,0,0,0
2012-02-28,0,0,0,0,0,0
2012-02-29,0,0,0,1,0,0
2012-03-01,0,0,0,0,0,0
2012-03-02,0,0,0,0,0,0
2012-03-07,0,0,0,0,0,0
2012-03-22,0,0,0,0,0,0
2012-03-23,0,0,0,0,0,0
2012-03-24,0,0,0,0,0,0
2012-08-27,0,0,0,0,0,0
2012-08-28,0,0,0,0,0,0
2012-10-29,1,4,0,0,0,0
2012-10-30,0,0,0,0,0,0
2012-11-01,0,0,0,0,0,0
2012-11-09,0,0,0,0,0,0
2012-11-10,0,0,0,0,0,0
2012-11-12,0,0,0,0,0,0
2015-04-11,0,0,0,0,0,0
2015-11-01,0,0,0,0,0,0
2016-07-25,0,0,0,0,0,0
2016-08-15,0,0,0,0,0,0
2016-08-25,0,0,0,0,0,0
2016-09-09,0,0,0,0,0,0
2016-09-10,0,0,0,0,0,0
2016-10-09,0,0,0,0,0,0
2017-04-24,0,0,0,0,0,0
2017-08-24,0,3,1,1,2,0
2017-08-25,2,3,0,6,7,0
2017-08-26,0,3,0,2,5,0
2017-08-27,0,0,1,5,36,0
2017-08-28,19,14,6,11,6,0
2017-08-29,6,6,1,4,0,0
2017-08-30,6,4,1,8,0,0
2017-08-31,0,0,0,0,0,0
2017-09-01,2,1,0,1,0,0
2017-09-02,3,0,0,0,0,0
2017-09-03,3,1,0,0,0,0
2017-09-04,122,6,2,0,2,1
2017-09-05,29,13,4,3,12,1
2017-09-06,64,28,2,5,5,2
2017-09-07,60,56,7,10,5,0
2017-09-08,19,10,3,2,0,0
2017-09-09,19,13,1,7,1,0
2017-09-10,58,32,1,10,0,0
2017-09-11,21,15,2,21,109,0
2017-09-12,11,11,12,48,1366,1
2017-09-13,0,1,1,2,9,0
2017-09-14,0,0,0,0,0,0
2017-09-15,0,0,0,0,3,0
2017-09-16,0,0,1,2,1,0
2017-09-17,0,0,0,0,2,0
2017-09-18,0,0,1,0,0,2
2017-09-19,28,9,0,3,2,16
2017-09-20,0,0,0,0,0,1
2017-09-22,3,3,0,0,0,0
2017-09-23,0,0,0,0,0,0
2017-09-24,0,0,0,0,0,0
2017-09-25,0,0,0,0,0,0
2017-09-26,0,0,0,0,0,2
2017-09-27,0,0,0,0,0,1
2017-09-29,0,0,0,0,0,0
2017-09-30,0,0,0,0,0,0
2017-10-01,0,0,0,0,0,1
2017-10-02,0,0,0,1,0,1
2017-10-03,0,0,0,0,0,0
2017-10-05,0,0,2,0,0,4
2017-10-06,0,0,0,0,0,0
2017-10-07,0,0,0,0,0,0
2017-10-15,0,0,0,0,0,0
2017-10-16,0,0,0,0,0,0
2017-10-18,0,0,0,0,0,0
2017-10-25,0,0,0,0,0,1
2017-10-26,0,0,0,0,0,3
2017-10-27,0,0,0,0,0,0
2017-10-30,0,0,0,0,0,0
2017-10-31,0,0,0,0,0,0
2017-11-02,0,0,0,0,0,0
2017-11-03,0,0,0,0,0,0
2017-11-05,0,0,0,0,0,0
2017-11-06,0,0,0,0,0,0
2017-11-07,0,0,0,1,0,0
2017-11-08,0,0,0,0,0,0
2017-11-11,0,0,0,0,0,0
2017-11-13,1,0,0,0,0,0
2017-12-03,0,0,0,0,0,0
2017-12-07,0,0,0,0,0,0
2017-12-14,5,0,0,0,0,0
2017-12-17,2,2,0,0,0,0
2017-12-18,3,5,0,0,0,0
2017-12-19,0,0,0,0,0,0
2018-01-17,0,0,0,0,0,0
2018-01-21,0,0,0,0,0,3
2018-01-22,0,0,0,0,0,6
2018-01-23,0,0,0,0,0,0
2018-01-25,0,0,0,0,0,0
2018-01-28,0,0,0,0,0,0
2018-01-30,0,0,0,0,0,0
2018-01-31,0,0,0,0,0,0
2018-02-08,0,0,0,0,0,0
2018-02-09,0,0,0,0,0,0
2018-02-10,0,0,0,0,0,0
2018-02-11,0,1,0,0,0,2
2018-02-20,0,0,0,0,0,77
2018-02-21,0,0,0,0,0,9
2018-03-03,0,0,0,0,0,0
2018-04-04,0,0,0,0,0,0
2018-05-10,0,0,0,0,0,0
2018-05-11,0,0,0,0,0,0
2018-05-19,0,0,0,0,0,0
2018-05-21,0,2,0,0,1,9
2018-05-29,1,149,1,0,2,189
2018-05-30,0,32,1,2,1,102
2018-05-31,0,1,0,0,0,20
2018-06-01,0,3,1,0,0,23
2018-06-02,0,0,0,0,0,1
2018-06-04,0,0,0,0,0,0
2018-06-07,0,1,0,0,2,2
2018-06-08,0,0,0,0,1,1
2018-06-09,0,0,0,0,0,0
2018-06-10,0,1,0,0,0,1
2018-06-11,0,8,0,0,0,8
2018-06-12,0,7,0,0,0,33
2018-06-13,0,0,0,0,0,6
2018-06-14,0,0,0,0,0,1
2018-06-17,0,2,0,0,0,0
2018-06-18,0,0,0,0,0,0
2018-06-19,0,0,0,0,0,0
2018-06-20,0,0,0,0,0,0
2018-06-21,0,0,0,0,0,0
2018-06-24,0,0,0,0,0,0
2018-06-25,0,0,0,0,0,0
2018-06-26,0,1,1,1,0,0
2018-06-27,0,0,0,0,0,0
2018-06-30,1,0,0,0,0,0
2018-07-01,12,2,0,0,0,0
2018-07-02,0,0,0,0,0,0
2018-07-03,0,0,0,0,0,0
2018-07-04,0,0,0,0,0,0
2018-07-05,0,0,0,0,0,0
2018-07-06,0,0,0,0,0,0
2018-07-07,0,0,0,0,0,0
2018-07-08,0,0,0,0,0,0
2018-07-13,0,1,0,0,0,15
2018-07-15,0,0,0,0,0,0
2018-07-22,0,0,0,0,0,0
2018-07-23,0,0,0,0,0,0
2018-07-24,0,0,0,0,0,0
2018-07-25,0,0,0,0,0,0
2018-07-26,0,0,0,0,0,0
2018-07-28,31,1,0,0,0,0
2018-07-29,3,0,0,0,0,0
2018-08-03,0,0,0,0,0,0
2018-08-04,0,0,0,0,0,0
2018-08-05,0,0,0,0,0,0
2018-08-06,0,0,0,0,0,0
2018-08-09,0,2,0,0,0,2
2018-08-10,0,0,0,0,0,2
2018-08-11,3,38,9,1,7,318
2018-08-12,0,13,2,0,4,27
2018-08-14,0,2,0,0,0,121
2018-08-15,1,9,2,1,3,527
2018-08-16,0,0,0,0,0,4
2018-08-19,0,0,0,0,0,3
2018-08-20,0,0,1,0,0,0
2018-08-21,0,0,0,0,0,0
2018-08-25,0,1,1,0,0,0
2018-08-26,0,0,0,0,0,0
2018-08-27,0,0,1,1,0,1
2018-08-28,16,20,1,1,6,141
2018-08-29,1,8,0,0,7,65
2018-08-30,0,2,1,0,0,8
2018-08-31,0,1,0,0,0,1
2018-09-01,0,1,0,0,0,1
2018-09-02,0,0,0,0,0,2
2018-09-03,0,0,0,0,2,37
2018-09-04,0,0,0,0,0,2
2018-09-06,0,0,0,0,0,0
2018-09-07,0,0,0,0,0,0
2018-09-09,0,0,0,0,0,0
2018-09-10,0,0,0,0,0,1
2018-09-11,4,173,0,0,6,173
2018-09-12,0,111,33,0,16,1063
2018-09-13,0,247,5,5,133,926
2018-09-14,1,93,2,1,20,824
2018-09-15,1,6,0,0,3,29
2018-09-16,0,10,0,0,1,73
2018-09-17,0,0,0,0,0,6
2018-09-18,0,0,0,0,1,46
2018-09-19,3,0,0,0,1,2
2018-09-20,0,3,0,0,0,46
2018-09-21,1,3,0,0,1,26
2018-09-22,0,1,0,0,1,1
2018-09-24,0,0,0,0,2,3
2018-09-25,0,0,0,0,0,0
2018-09-26,0,0,0,0,0,1
2018-09-29,0,0,0,0,0,0
2018-09-30,0,0,0,0,0,0
2018-10-02,0,0,0,0,0,0
2018-10-03,0,0,0,0,0,0
2018-10-04,0,0,0,0,0,0
2018-10-05,0,0,0,0,0,0
2018-10-06,0,0,0,0,0,0
2018-10-08,0,1,0,0,0,0
2018-10-09,0,0,0,0,0,0
2018-10-10,0,0,0,0,0,0
2018-10-11,0,0,0,0,0,0
2018-10-12,0,0,0,0,0,1
2018-10-13,0,0,0,0,0,0
2018-10-17,0,0,0,0,0,1
2018-10-20,0,0,0,0,0,1
2018-10-22,0,0,0,0,0,0
2018-10-23,0,0,0,0,0,0
2018-10-24,0,0,0,1,0,0
2018-10-25,0,0,0,0,0,0
2018-10-26,0,0,0,1,0,1
2018-10-27,0,0,0,0,0,9
2018-10-28,1,0,0,0,0,26
2018-10-29,0,0,0,0,0,1
