hurricane name,date,neg,pos,neu
hurricane maria,2017-09-02,0,0,0
hurricane maria,2017-09-03,0,0,0
hurricane maria,2017-09-04,0,0,0
hurricane maria,2017-09-05,0,0,0
hurricane maria,2017-09-06,0,0,0
hurricane maria,2017-09-07,0,0,0
hurricane maria,2017-09-08,0,0,0
hurricane maria,2017-09-09,0,0,0
hurricane maria,2017-09-10,0,0,0
hurricane maria,2017-09-11,0,0,0
hurricane maria,2017-09-12,0,0,0
hurricane maria,2017-09-13,0,0,0
hurricane maria,2017-09-14,0,0,0
hurricane maria,2017-09-15,0,0,0
hurricane maria,2017-09-16,0,0,0
hurricane maria,2017-09-17,0,0,0
hurricane maria,2017-09-18,0.08025,0.09202941176470589,0.8277352941176472
hurricane maria,2017-09-19,0.09214285714285719,0.11336388140161723,0.7945040431266847
hurricane maria,2017-09-20,0.25966666666666666,0.06666666666666667,0.6736666666666666
hurricane maria,2017-09-21,0,0,0
hurricane maria,2017-09-22,0,0,0
hurricane maria,2017-09-23,0,0,0
hurricane maria,2017-09-24,0,0,0
hurricane maria,2017-09-25,0,0,0
hurricane maria,2017-09-26,0,0,0
hurricane maria,2017-09-27,0,0,0
hurricane maria,2017-09-28,0,0,0
hurricane maria,2017-09-29,0,0,0
hurricane maria,2017-09-30,0,0,0
hurricane maria,2017-10-01,0,0,0
hurricane maria,2017-10-02,0.062,0.14316666666666666,0.7948333333333334
hurricane maria,2017-10-03,0.0,0.18800000000000003,0.8119999999999999
hurricane maria,2017-10-04,0,0,0
hurricane maria,2017-10-05,0.09545714285714285,0.11142857142857143,0.7931142857142859
hurricane maria,2017-10-06,0.1101,0.24760000000000004,0.6423
hurricane maria,2017-10-07,0,0,0
hurricane maria,2017-10-08,0,0,0
hurricane maria,2017-10-09,0,0,0
hurricane maria,2017-10-10,0,0,0
hurricane maria,2017-10-11,0,0,0
hurricane maria,2017-10-12,0,0,0
hurricane maria,2017-10-13,0,0,0
hurricane maria,2017-10-14,0,0,0
hurricane maria,2017-10-15,0,0,0
hurricane maria,2017-10-16,0,0,0
