59fb5cd595d0e0246f213a2c,2017-11-02T17:58:21+0000,1,0,0,0
59fb560b95d0e0246f213a1a,2017-11-02T17:29:35+0000,0,2,0,0
59fb302595d0e0246f213972,2017-11-02T14:47:32+0000,0,1,0,0
59fae7fe95d0e0246f213879,2017-11-02T09:39:52+0000,0,0,1,0
59fa567395d0e0246f21375e,2017-11-01T23:19:06+0000,0,0,1,0
59fa0d9b95d0e0246f213669,2017-11-01T18:08:13+0000,0,1,0,0
59f9c36395d0e0246f213562,2017-11-01T12:51:36+0000,1,0,0,0
59fda8b895d0e0246f213f43,2017-11-04T11:46:48+0000,1,0,0,0
59fd418f95d0e0246f213ee7,2017-11-04T04:26:41+0000,1,0,1,0
59fceaf195d0e0246f213e7d,2017-11-03T22:17:08+0000,0,0,1,0
59fcd1db95d0e0246f213e29,2017-11-03T20:29:55+0000,0,0,2,0
59fcbe6e95d0e0246f213df5,2017-11-03T19:07:19+0000,0,0,1,0
59fc936695d0e0246f213d50,2017-11-03T16:03:44+0000,1,0,0,0
59fc6ce495d0e0246f213cc5,2017-11-03T13:19:22+0000,1,0,1,0
59fc509d95d0e0246f213c7d,2017-11-03T11:18:45+0000,0,1,0,0
59fc306c95d0e0246f213c1a,2017-11-03T09:00:25+0000,1,0,0,0
59fc220e95d0e0246f213be8,2017-11-03T08:00:00+0000,0,0,1,0
59fbd9b095d0e0246f213b76,2017-11-03T02:51:17+0000,0,0,1,0
59fbc58395d0e0246f213b5e,2017-11-03T01:25:10+0000,0,0,1,0
5a00b84c95d0e0246f214441,2017-11-06T19:30:14+0000,0,0,1,0
59ffecb295d0e0246f21422e,2017-11-06T05:01:28+0000,1,1,0,1
59ff369695d0e0246f214128,2017-11-05T16:04:30+0000,0,0,1,0
59febe6695d0e0246f2140ae,2017-11-05T07:31:42+0000,0,0,1,0
5a03649d95d0e0246f214b7d,2017-11-08T20:09:49+0000,0,0,1,0
5a03462995d0e0246f214af3,2017-11-08T18:00:02+0000,0,1,0,0
5a025e0395d0e0246f214885,2017-11-08T01:29:29+0000,0,0,1,0
5a02018695d0e0246f2147a3,2017-11-07T18:54:51+0000,0,1,0,0
5a015ef195d0e0246f214586,2017-11-07T07:21:15+0000,0,0,1,0
5a062bb295d0e0246f21530c,2017-11-10T22:43:52+0000,0,0,1,0
5a061eb395d0e0246f2152ed,2017-11-10T21:48:20+0000,0,0,1,0
5a05eb6695d0e0246f21526c,2017-11-10T18:09:37+0000,0,0,0,1
5a05790095d0e0246f215103,2017-11-10T10:00:30+0000,0,1,0,1
5a05408795d0e0246f21506a,2017-11-10T06:00:30+0000,0,0,0,1
5a05048995d0e0246f215014,2017-11-10T01:44:35+0000,0,0,1,0
5a04f56c95d0e0246f214ffd,2017-11-10T00:40:02+0000,1,0,0,1
5a04d7fd95d0e0246f214faf,2017-11-09T22:34:30+0000,0,1,0,0
5a04d02795d0e0246f214f93,2017-11-09T22:00:58+0000,1,0,0,1
5a04900695d0e0246f214ec4,2017-11-09T17:27:25+0000,0,0,1,0
5a047b9795d0e0246f214e71,2017-11-09T16:00:11+0000,0,0,0,1
5a03bc0895d0e0246f214c56,2017-11-09T02:22:41+0000,1,0,0,0
5a08b68f95d0e0246f21561a,2017-11-12T21:00:55+0000,1,0,0,1
5a081bc195d0e0246f21553f,2017-11-12T10:00:21+0000,0,0,0,1
5a06ca2b95d0e0246f2153c0,2017-11-11T10:00:02+0000,1,0,1,0
5a067bba95d0e0246f21537e,2017-11-11T04:25:17+0000,0,0,1,0
5a0b6edb95d0e0246f215cb7,2017-11-14T22:31:49+0000,1,0,0,1
5a0abea895d0e0246f215a88,2017-11-14T10:00:02+0000,0,0,1,0
5a096d5095d0e0246f21575c,2017-11-13T10:00:25+0000,1,0,0,0
5a0e004395d0e0246f2167fe,2017-11-16T21:16:41+0000,0,1,0,0
5a0ccbbc95d0e0246f2160d0,2017-11-15T23:20:18+0000,0,1,0,0
5a0c9be095d0e0246f216025,2017-11-15T19:56:06+0000,0,0,1,0
5a0c104595d0e0246f215e38,2017-11-15T10:00:22+0000,0,0,1,0
5a0f6ff395d0e0246f2175d9,2017-11-17T23:25:29+0000,1,0,0,1
5a0f363095d0e0246f21753c,2017-11-17T19:18:59+0000,0,0,1,0
5a0f297495d0e0246f21751a,2017-11-17T18:24:38+0000,1,0,0,0
5a0e3be195d0e0246f216f15,2017-11-17T01:31:05+0000,1,0,0,0
5a12d92d95d0e0246f217a90,2017-11-20T13:31:13+0000,0,1,0,0
5a110fda95d0e0246f2177bd,2017-11-19T05:00:01+0000,0,0,0,1
5a15dbe095d0e0246f21824b,2017-11-22T20:19:37+0000,0,1,0,0
5a15a82395d0e0246f2181b0,2017-11-22T16:38:47+0000,1,0,0,0
5a15a55f95d0e0246f21819f,2017-11-22T16:26:56+0000,0,0,1,0
5a1590fd95d0e0246f21813e,2017-11-22T15:00:02+0000,0,0,1,0
5a153d3695d0e0246f218043,2017-11-22T09:00:49+0000,0,0,1,0
5a152ed695d0e0246f21801a,2017-11-22T08:00:48+0000,0,0,1,0
5a14cd3d95d0e0246f217f80,2017-11-22T01:04:48+0000,1,0,0,0
5a14a7ed95d0e0246f217f20,2017-11-21T22:25:40+0000,0,1,0,0
5a14949c95d0e0246f217eda,2017-11-21T21:03:12+0000,2,0,1,0
5a144da195d0e0246f217df3,2017-11-21T16:00:19+0000,0,0,0,1
5a13b57e95d0e0246f217c72,2017-11-21T05:11:17+0000,0,1,0,0
5a1372b295d0e0246f217c0d,2017-11-21T00:26:16+0000,0,1,0,0
5a18a64695d0e0246f21879d,2017-11-24T23:07:42+0000,1,0,0,0
5a187a3b95d0e0246f21874f,2017-11-24T19:59:43+0000,0,0,1,0
5a1b0f7e95d0e0246f218a26,2017-11-26T19:01:06+0000,1,0,0,1
5a1a90bf95d0e0246f218994,2017-11-26T10:00:22+0000,1,2,0,0
5a1de7b695d0e0246f21908f,2017-11-28T22:48:16+0000,0,1,0,0
5a1d9b7295d0e0246f218f7e,2017-11-28T17:22:48+0000,0,1,0,0
5a1c764b95d0e0246f218ce4,2017-11-27T20:32:00+0000,1,0,0,1
5a1c556595d0e0246f218c87,2017-11-27T18:11:42+0000,1,0,1,0
5a2074db95d0e0246f219828,2017-11-30T21:14:58+0000,1,0,0,2
5a200d3795d0e0246f219699,2017-11-30T13:52:33+0000,0,0,1,0
5a1edf8095d0e0246f21932a,2017-11-29T16:25:27+0000,0,1,0,0
5a1edcb795d0e0246f21931c,2017-11-29T16:13:15+0000,0,1,0,0
59d29beb95d0e0246f20da11,2017-10-02T20:04:41+0000,1,0,0,0
59d066c095d0e0246f20d5eb,2017-10-01T03:53:24+0000,0,0,0,1
59d555ed95d0e0246f20e104,2017-10-04T21:42:44+0000,2,0,0,2
59d54ed595d0e0246f20e0f6,2017-10-04T21:12:36+0000,2,0,0,1
59d5415a95d0e0246f20e0ce,2017-10-04T20:14:58+0000,0,0,0,1
59d53a7895d0e0246f20e0ba,2017-10-04T19:45:26+0000,1,0,0,1
59d51aba95d0e0246f20e046,2017-10-04T17:30:28+0000,1,0,0,1
59d5186695d0e0246f20e041,2017-10-04T17:20:20+0000,0,2,0,0
59d4f1a395d0e0246f20dfaa,2017-10-04T14:34:49+0000,1,0,0,0
59d4a34f95d0e0246f20dea5,2017-10-04T09:00:26+0000,1,1,1,0
59d4992995d0e0246f20de88,2017-10-04T08:17:38+0000,1,0,0,1
59d488d495d0e0246f20de5c,2017-10-04T07:07:57+0000,1,0,0,0
59d4189695d0e0246f20ddc0,2017-10-03T23:08:57+0000,1,0,0,1
59d3fbea95d0e0246f20dd6a,2017-10-03T21:06:22+0000,1,0,0,1
59d3e7e795d0e0246f20dd24,2017-10-03T19:41:21+0000,1,0,0,1
59d3cfd295d0e0246f20dcd6,2017-10-03T17:58:34+0000,1,0,0,1
59d3b09695d0e0246f20dc6a,2017-10-03T15:45:14+0000,2,0,0,1
59d3605595d0e0246f20db84,2017-10-03T10:02:28+0000,1,0,0,1
59d33a7795d0e0246f20db1e,2017-10-03T07:21:14+0000,1,0,0,1
59d815fc95d0e0246f20e853,2017-10-06T23:46:52+0000,2,0,0,0
59d8006395d0e0246f20e82c,2017-10-06T22:14:45+0000,0,0,1,0
59d7fe8895d0e0246f20e829,2017-10-06T22:06:47+0000,1,0,1,0
59d7ed9b95d0e0246f20e7f2,2017-10-06T20:54:42+0000,1,0,0,0
59d7dfb995d0e0246f20e7c2,2017-10-06T19:55:27+0000,1,1,0,0
59d7d2d595d0e0246f20e792,2017-10-06T19:00:26+0000,1,0,0,1
59d7b2f995d0e0246f20e71a,2017-10-06T16:44:25+0000,1,0,0,0
59d7742e95d0e0246f20e654,2017-10-06T12:16:39+0000,0,0,1,0
59d75bb295d0e0246f20e605,2017-10-06T10:32:09+0000,0,0,1,0
59d7566095d0e0246f20e5f1,2017-10-06T10:09:21+0000,0,0,1,0
59d74f7295d0e0246f20e5d7,2017-10-06T09:39:38+0000,0,0,1,0
59d75c3d95d0e0246f20e60b,2017-10-06T09:00:28+0000,1,0,0,0
59d7006c95d0e0246f20e519,2017-10-06T04:02:13+0000,1,0,0,0
59d6a9f995d0e0246f20e474,2017-10-05T21:53:46+0000,0,0,1,0
59d6a8eb95d0e0246f20e471,2017-10-05T21:49:19+0000,0,0,1,0
59d686d095d0e0246f20e409,2017-10-05T19:23:49+0000,1,0,0,1
59d6769395d0e0246f20e3c8,2017-10-05T18:14:36+0000,0,0,2,0
59d6748695d0e0246f20e3c0,2017-10-05T18:05:18+0000,0,0,1,0
59d65d8595d0e0246f20e36a,2017-10-05T16:27:42+0000,2,0,0,0
59d64a3695d0e0246f20e323,2017-10-05T15:05:00+0000,0,1,0,0
59d6454a95d0e0246f20e30f,2017-10-05T14:44:18+0000,2,0,0,0
59d610d395d0e0246f20e255,2017-10-05T11:00:27+0000,1,0,0,0
59d5789795d0e0246f20e146,2017-10-05T00:10:35+0000,2,0,0,0
59dab6c195d0e0246f20ee99,2017-10-08T23:37:24+0000,0,0,1,0
59dab53695d0e0246f20ee97,2017-10-08T23:30:44+0000,1,0,0,0
59da7f7995d0e0246f20edd5,2017-10-08T19:41:35+0000,0,0,1,0
59da742595d0e0246f20ed05,2017-10-08T18:53:14+0000,1,0,0,0
59d9f75695d0e0246f20ea63,2017-10-08T10:00:46+0000,1,0,1,0
59d92cc095d0e0246f20e98e,2017-10-07T19:36:23+0000,2,0,0,0
59d91d3695d0e0246f20e972,2017-10-07T18:30:02+0000,0,0,1,0
59d9151095d0e0246f20e95f,2017-10-07T17:55:21+0000,0,0,1,0
59d900e195d0e0246f20e947,2017-10-07T16:29:08+0000,1,0,0,0
59d8a5aa95d0e0246f20e8e0,2017-10-07T10:00:02+0000,0,0,1,0
59d897a095d0e0246f20e8ce,2017-10-07T09:00:03+0000,0,0,1,0
59d8979f95d0e0246f20e8cc,2017-10-07T09:00:02+0000,2,0,0,0
59d8979f95d0e0246f20e8cd,2017-10-07T09:00:01+0000,1,0,2,0
59d81f8095d0e0246f20e85f,2017-10-07T00:27:32+0000,0,0,1,0
59dd5ac495d0e0246f20f51e,2017-10-10T23:41:37+0000,0,0,1,0
59dd5a0995d0e0246f20f51d,2017-10-10T23:38:36+0000,0,0,1,0
59dd553695d0e0246f20f516,2017-10-10T23:18:06+0000,1,0,0,0
59dd425795d0e0246f20f4e0,2017-10-10T21:57:25+0000,0,0,1,0
59dd172195d0e0246f20f444,2017-10-10T18:53:10+0000,1,0,0,1
59dcffce95d0e0246f20f417,2017-10-10T17:13:35+0000,1,0,0,2
59dcaf3b95d0e0246f20f2f3,2017-10-10T11:29:45+0000,0,0,1,0
59dc931b95d0e0246f20f293,2017-10-10T09:29:53+0000,0,0,1,0
59dbfeee95d0e0246f20f19a,2017-10-09T22:57:31+0000,0,0,1,0
59dbfeee95d0e0246f20f19b,2017-10-09T22:57:20+0000,0,0,1,0
59dbf1f895d0e0246f20f172,2017-10-09T22:02:19+0000,0,0,1,0
59dbe62395d0e0246f20f153,2017-10-09T21:11:57+0000,0,0,1,0
59dbe5cb95d0e0246f20f152,2017-10-09T21:09:59+0000,0,0,1,0
59dbe18495d0e0246f20f148,2017-10-09T20:52:06+0000,0,0,1,0
59dbde7295d0e0246f20f13a,2017-10-09T20:38:50+0000,1,0,0,0
59dbb14f95d0e0246f20f0a5,2017-10-09T17:26:29+0000,1,0,0,1
59db89c595d0e0246f20f021,2017-10-09T14:37:48+0000,0,0,1,0
59db627895d0e0246f20efcf,2017-10-09T11:50:02+0000,0,0,1,0
59db3f9395d0e0246f20ef60,2017-10-09T09:21:11+0000,0,0,1,0
59daf54095d0e0246f20eec9,2017-10-09T04:04:06+0000,0,0,1,0
59dae5c795d0e0246f20eeb9,2017-10-09T02:58:05+0000,0,0,1,0
59dac61495d0e0246f20eea6,2017-10-09T00:42:53+0000,1,0,0,0
59dfffaf95d0e0246f20fc59,2017-10-12T23:49:56+0000,0,0,1,0
59dffc7a95d0e0246f20fc54,2017-10-12T23:36:13+0000,0,0,1,0
59dfd7a995d0e0246f20fbe7,2017-10-12T20:59:15+0000,1,0,0,1
59dfd3a495d0e0246f20fbd1,2017-10-12T20:42:04+0000,0,0,1,0
59dfd11095d0e0246f20fbcb,2017-10-12T20:31:01+0000,0,0,1,0
59dfc3f995d0e0246f20fb80,2017-10-12T19:34:50+0000,0,0,1,0
59dfc24b95d0e0246f20fb7e,2017-10-12T19:27:43+0000,2,0,0,0
59df7c9495d0e0246f20fa83,2017-10-12T14:30:30+0000,0,1,0,0
59df365795d0e0246f20f99a,2017-10-12T09:30:55+0000,0,0,1,0
59df2ea195d0e0246f20f971,2017-10-12T08:58:02+0000,0,0,1,0
59dee8e695d0e0246f20f8df,2017-10-12T04:00:27+0000,0,0,1,0
59debb1095d0e0246f20f8ab,2017-10-12T00:44:55+0000,0,0,1,0
59deb81c95d0e0246f20f8a5,2017-10-12T00:31:59+0000,0,0,1,0
59deb2cf95d0e0246f20f89e,2017-10-12T00:09:42+0000,0,0,1,0
59deae8695d0e0246f20f891,2017-10-11T23:51:27+0000,0,0,1,0
59de9c1395d0e0246f20f872,2017-10-11T22:32:39+0000,3,0,0,0
59de93f795d0e0246f20f85e,2017-10-11T21:56:57+0000,0,0,1,0
59de90ed95d0e0246f20f853,2017-10-11T21:45:04+0000,1,0,0,2
59de714a95d0e0246f20f7fe,2017-10-11T19:30:08+0000,0,0,1,0
59de6ee095d0e0246f20f7f7,2017-10-11T19:19:51+0000,0,0,1,0
59de682d95d0e0246f20f7dc,2017-10-11T18:51:12+0000,0,0,1,0
59de63c595d0e0246f20f7ce,2017-10-11T18:32:30+0000,0,0,1,0
59de162495d0e0246f20f6b0,2017-10-11T13:01:12+0000,0,0,1,0
59dde87495d0e0246f20f631,2017-10-11T09:46:19+0000,0,0,0,1
59dde63d95d0e0246f20f62b,2017-10-11T09:36:33+0000,0,0,1,0
59dddee295d0e0246f20f610,2017-10-11T09:05:31+0000,0,0,1,0
59dd982f95d0e0246f20f571,2017-10-11T04:03:47+0000,0,0,1,0
59dd7ab995d0e0246f20f547,2017-10-11T01:58:09+0000,0,0,1,0
59e2802c95d0e0246f21014a,2017-10-14T21:22:44+0000,0,0,1,0
59e271fd95d0e0246f210137,2017-10-14T20:21:59+0000,0,0,1,0
59e26ab695d0e0246f210128,2017-10-14T19:50:59+0000,0,0,1,0
59e25a0495d0e0246f21011b,2017-10-14T18:39:37+0000,0,0,1,0
59e20f0195d0e0246f21009e,2017-10-14T13:19:52+0000,2,0,1,0
59e1d95095d0e0246f210066,2017-10-14T09:30:22+0000,0,0,1,0
59e1d21e95d0e0246f210059,2017-10-14T09:00:03+0000,0,0,1,0
59e14d2895d0e0246f20ffe5,2017-10-13T23:32:44+0000,0,0,2,0
59e13aa095d0e0246f20ffc2,2017-10-13T22:13:29+0000,0,0,1,0
59e132df95d0e0246f20ffad,2017-10-13T21:40:40+0000,0,0,1,0
59e128d395d0e0246f20ff90,2017-10-13T20:57:18+0000,0,0,1,0
59e1221e95d0e0246f20ff78,2017-10-13T20:29:05+0000,0,0,2,0
59e0f3fe95d0e0246f20fed2,2017-10-13T17:12:18+0000,1,0,0,0
59e0ec0995d0e0246f20feac,2017-10-13T16:38:25+0000,1,0,0,0
59e0cf8c95d0e0246f20fe3f,2017-10-13T14:36:44+0000,0,0,1,0
59e0ba3995d0e0246f20fdff,2017-10-13T13:05:50+0000,1,0,0,0
59e0b8ca95d0e0246f20fdfb,2017-10-13T12:59:44+0000,1,0,0,0
59e0aae295d0e0246f20fdd2,2017-10-13T12:00:16+0000,0,0,1,0
59e0940b95d0e0246f20fd88,2017-10-13T10:22:55+0000,0,0,1,0
59e083d895d0e0246f20fd50,2017-10-13T09:13:42+0000,1,0,0,1
59e081e495d0e0246f20fd44,2017-10-13T09:05:31+0000,1,0,0,0
59e080f095d0e0246f20fd3d,2017-10-13T09:00:25+0000,1,1,0,1
59e0647e95d0e0246f20fce6,2017-10-13T07:00:01+0000,0,0,1,0
59e03bb995d0e0246f20fc99,2017-10-13T04:06:07+0000,0,0,1,0
59e0221a95d0e0246f20fc86,2017-10-13T02:16:29+0000,0,0,1,0
59e0117195d0e0246f20fc6d,2017-10-13T01:05:41+0000,1,0,0,0
59e5395495d0e0246f21061b,2017-10-16T22:57:16+0000,0,0,1,0
59e4fb2995d0e0246f210580,2017-10-16T18:31:55+0000,0,0,1,0
59e4d43895d0e0246f210507,2017-10-16T15:45:53+0000,1,0,0,1
59e4c06e95d0e0246f2104c0,2017-10-16T14:21:27+0000,0,1,0,0
59e4b74295d0e0246f21049c,2017-10-16T13:42:19+0000,0,0,1,0
59e4913b95d0e0246f210435,2017-10-16T10:59:45+0000,1,0,0,0
59e4882495d0e0246f210419,2017-10-16T10:20:56+0000,0,0,1,0
59e4754295d0e0246f2103dd,2017-10-16T09:00:37+0000,1,1,0,0
59e4752195d0e0246f2103d2,2017-10-16T09:00:11+0000,1,0,0,2
59e42f8a95d0e0246f210344,2017-10-16T04:02:49+0000,0,0,1,0
59e3e9f195d0e0246f2102ef,2017-10-15T23:05:48+0000,0,0,1,0
59e399bf95d0e0246f21027d,2017-10-15T17:24:04+0000,0,0,1,0
59e3961d95d0e0246f210278,2017-10-15T17:08:39+0000,0,0,0,1
59e3782f95d0e0246f21024b,2017-10-15T15:00:44+0000,1,0,1,0
59e3782d95d0e0246f21024a,2017-10-15T15:00:39+0000,1,0,1,0
59e3771395d0e0246f210247,2017-10-15T14:55:44+0000,0,0,1,0
59e373b695d0e0246f210242,2017-10-15T14:41:44+0000,2,0,0,0
59e369fc95d0e0246f210237,2017-10-15T14:00:01+0000,1,0,0,1
59e331c995d0e0246f210203,2017-10-15T10:00:28+0000,0,0,1,0
59e30dd995d0e0246f2101e0,2017-10-15T07:27:15+0000,0,0,1,0
59e2e0ce95d0e0246f2101b7,2017-10-15T04:15:00+0000,0,1,0,0
59e7dc5595d0e0246f210d49,2017-10-18T22:57:08+0000,0,1,0,0
59e7cda095d0e0246f210d10,2017-10-18T21:54:31+0000,0,0,1,0
59e7a47795d0e0246f210c81,2017-10-18T18:58:50+0000,0,0,1,0
59e6857a95d0e0246f210991,2017-10-17T22:34:02+0000,0,0,0,1
59e6706995d0e0246f210949,2017-10-17T21:04:33+0000,0,0,1,0
59e64eaf95d0e0246f2108db,2017-10-17T18:40:08+0000,0,0,1,0
59e637e495d0e0246f210887,2017-10-17T17:03:24+0000,0,0,1,0
59e5fe3d95d0e0246f2107c7,2017-10-17T12:57:27+0000,1,0,0,0
59e5f04195d0e0246f21079a,2017-10-17T11:57:39+0000,0,0,1,0
59e5c6c695d0e0246f210700,2017-10-17T09:00:30+0000,0,0,0,1
59e556b995d0e0246f210658,2017-10-17T01:02:38+0000,0,0,1,0
59e5561995d0e0246f210657,2017-10-17T00:59:34+0000,1,0,0,0
59ea727795d0e0246f21147f,2017-10-20T22:02:23+0000,0,0,1,0
59ea4cd495d0e0246f211411,2017-10-20T19:21:43+0000,0,0,0,1
59e9cf1095d0e0246f211262,2017-10-20T10:25:08+0000,1,0,0,1
59e9c23b95d0e0246f211234,2017-10-20T09:30:25+0000,0,0,1,0
59e976d495d0e0246f211176,2017-10-20T04:08:44+0000,0,0,1,0
59e9554895d0e0246f211142,2017-10-20T01:45:13+0000,0,0,1,0
59e94f2e95d0e0246f21113e,2017-10-20T01:19:26+0000,1,0,0,1
59e939a195d0e0246f21111e,2017-10-19T23:47:27+0000,1,0,0,0
59e9326595d0e0246f21110e,2017-10-19T23:07:40+0000,0,0,1,0
59e92ed395d0e0246f211102,2017-10-19T23:01:16+0000,0,0,1,0
59e91e7595d0e0246f2110d7,2017-10-19T21:50:41+0000,0,0,0,2
59e91e0c95d0e0246f2110d6,2017-10-19T21:49:54+0000,0,0,0,2
59e9134a95d0e0246f2110b1,2017-10-19T21:04:00+0000,0,0,1,0
59e90ce895d0e0246f21109d,2017-10-19T20:36:45+0000,0,0,2,0
59e8fc5695d0e0246f21106a,2017-10-19T19:25:59+0000,0,0,1,0
59e8f13c95d0e0246f211042,2017-10-19T18:38:44+0000,2,0,0,0
59fb7ed895d0e0246f213a99,2017-10-19T15:31:43+0000,0,0,1,0
59e883f195d0e0246f210ec4,2017-10-19T10:52:21+0000,1,0,0,0
59e8688995d0e0246f210e63,2017-10-19T08:55:28+0000,0,0,1,0
59e7eb8795d0e0246f210d6a,2017-10-19T00:02:06+0000,0,0,1,0
59ece3c095d0e0246f211782,2017-10-22T18:30:16+0000,1,1,1,0
59ecb97b95d0e0246f211737,2017-10-22T15:29:52+0000,1,0,0,0
59ebf85b95d0e0246f211659,2017-10-22T01:45:52+0000,2,0,0,0
59eb374a95d0e0246f211575,2017-10-21T12:02:08+0000,0,0,0,1
59efd57a95d0e0246f211e84,2017-10-24T23:30:03+0000,1,0,0,1
59efcaba95d0e0246f211e76,2017-10-24T23:20:15+0000,0,0,1,0
59efbd6b95d0e0246f211e60,2017-10-24T22:23:00+0000,2,0,0,0
59efb75b95d0e0246f211e50,2017-10-24T21:57:41+0000,1,0,0,0
59ef976595d0e0246f211ddf,2017-10-24T19:41:20+0000,1,0,0,0
59ef4a2c95d0e0246f211ccf,2017-10-24T14:11:43+0000,0,0,1,0
59ef41e095d0e0246f211cba,2017-10-24T13:36:21+0000,1,0,0,1
59ef25e695d0e0246f211c6b,2017-10-24T11:37:01+0000,0,1,0,0
59ef013a95d0e0246f211bf3,2017-10-24T09:00:28+0000,1,0,0,1
59ee4d5195d0e0246f211a89,2017-10-23T20:12:52+0000,1,0,0,1
59ee214b95d0e0246f211a1d,2017-10-23T17:05:06+0000,1,0,1,0
59ee1dea95d0e0246f211a15,2017-10-23T16:50:39+0000,0,0,1,0
59edf1fb95d0e0246f21198e,2017-10-23T13:43:02+0000,0,0,0,1
59edd5aa95d0e0246f21193e,2017-10-23T11:42:24+0000,0,1,0,0
59edafb395d0e0246f2118d1,2017-10-23T09:00:24+0000,1,0,1,0
59edae8795d0e0246f2118ca,2017-10-23T08:55:21+0000,1,0,0,0
59ed416695d0e0246f211819,2017-10-23T01:09:21+0000,0,0,0,1
59ed408795d0e0246f211817,2017-10-23T01:06:05+0000,0,0,1,0
59f2620595d0e0246f21265b,2017-10-26T22:30:19+0000,0,0,1,0
59f1b8d895d0e0246f2123ce,2017-10-26T10:28:26+0000,1,1,1,1
59f1b23c95d0e0246f2123ac,2017-10-26T10:00:17+0000,1,0,0,0
59f16bff95d0e0246f2122d7,2017-10-26T05:00:28+0000,0,0,1,0
59f13c0a95d0e0246f212291,2017-10-26T01:35:55+0000,0,1,0,0
59f1354d95d0e0246f21228b,2017-10-26T01:07:15+0000,0,0,0,1
59f0f22795d0e0246f2121e3,2017-10-25T20:20:37+0000,1,0,1,0
59f0e6af95d0e0246f2121c2,2017-10-25T19:31:23+0000,0,0,0,1
59f0e66795d0e0246f2121c1,2017-10-25T19:30:36+0000,0,0,0,1
59f052c395d0e0246f211fa7,2017-10-25T09:00:36+0000,2,1,1,1
59f01aa895d0e0246f211f09,2017-10-25T05:01:21+0000,0,1,0,0
59f4d2e095d0e0246f212b5e,2017-10-28T18:56:23+0000,0,0,1,0
59f4ccd195d0e0246f212b51,2017-10-28T18:30:26+0000,0,0,1,0
59f49b9995d0e0246f212afc,2017-10-28T15:00:30+0000,2,0,0,0
59f4945495d0e0246f212af3,2017-10-28T14:29:28+0000,0,0,0,1
59f39b3e95d0e0246f2129b6,2017-10-27T20:46:19+0000,1,1,1,0
59f3487695d0e0246f21289f,2017-10-27T14:53:20+0000,1,0,0,0
59f31fe595d0e0246f212816,2017-10-27T12:00:23+0000,0,0,1,0
59f2f6fc95d0e0246f212799,2017-10-27T09:05:53+0000,0,1,0,0
59f2876495d0e0246f2126a0,2017-10-27T01:09:52+0000,0,0,1,0
59f77a6195d0e0246f212fa7,2017-10-30T19:15:37+0000,0,1,0,0
59f7748b95d0e0246f212f9c,2017-10-30T18:50:41+0000,0,1,0,0
59f757d795d0e0246f212f3a,2017-10-30T16:48:06+0000,0,1,0,0
59f7549b95d0e0246f212f30,2017-10-30T16:33:59+0000,0,0,1,0
59f7440595d0e0246f212ef8,2017-10-30T15:23:41+0000,0,1,0,0
59f7351195d0e0246f212ebc,2017-10-30T14:19:14+0000,0,1,0,0
59f7268595d0e0246f212e92,2017-10-30T13:17:46+0000,0,1,0,0
59f6f82d95d0e0246f212e15,2017-10-30T10:00:02+0000,1,0,0,0
59f6ea1a95d0e0246f212de7,2017-10-30T09:00:01+0000,1,1,0,0
59f6692195d0e0246f212d39,2017-10-29T23:49:36+0000,0,2,0,0
59f60ae995d0e0246f212cb0,2017-10-29T17:07:16+0000,1,0,0,0
59f6040b95d0e0246f212ca6,2017-10-29T16:38:17+0000,1,0,0,0
59f5deec95d0e0246f212c6a,2017-10-29T14:00:01+0000,1,0,0,1
59f5989695d0e0246f212c1c,2017-10-29T09:00:01+0000,1,0,0,1
59f8820395d0e0246f213228,2017-10-31T14:00:15+0000,0,0,0,1
59f8768f95d0e0246f21320e,2017-10-31T13:11:37+0000,0,1,0,0
59f83b9a95d0e0246f21315e,2017-10-31T09:00:02+0000,0,1,0,0
59f7c60395d0e0246f21307a,2017-10-31T00:38:20+0000,0,1,0,0
59ab18f495d0e0246f202db5,2017-09-02T20:47:41+0000,1,0,1,0
59ab043795d0e0246f202d94,2017-09-02T19:19:10+0000,1,0,1,0
59aaf79095d0e0246f202d7e,2017-09-02T18:25:14+0000,0,0,1,0
59aad57895d0e0246f202d57,2017-09-02T15:59:44+0000,1,0,1,0
59aacc6395d0e0246f202d4d,2017-09-02T15:20:57+0000,0,0,1,0
59aaba6695d0e0246f202d39,2017-09-02T14:04:08+0000,0,0,1,0
59aab27f95d0e0246f202d2d,2017-09-02T13:30:19+0000,0,0,1,0
59aa731c95d0e0246f202ce0,2017-09-02T09:00:03+0000,1,0,1,0
59aa731e95d0e0246f202ce1,2017-09-02T09:00:01+0000,1,0,1,0
59aa016895d0e0246f202c78,2017-09-02T00:54:52+0000,1,0,1,0
59aa009095d0e0246f202c75,2017-09-02T00:51:17+0000,1,0,2,0
59a9d7fe95d0e0246f202c3d,2017-09-01T21:58:15+0000,0,0,2,0
59a9c90a95d0e0246f202c18,2017-09-01T20:54:15+0000,0,0,2,0
59a9a3e895d0e0246f202bab,2017-09-01T18:16:01+0000,1,0,1,0
59a99b3895d0e0246f202b92,2017-09-01T17:38:50+0000,1,0,1,0
59a9934a95d0e0246f202b77,2017-09-01T17:05:01+0000,2,1,1,0
59a982f195d0e0246f202b40,2017-09-01T15:55:19+0000,0,0,1,0
59a9764295d0e0246f202b0f,2017-09-01T15:01:12+0000,0,0,1,0
59a953e795d0e0246f202aa9,2017-09-01T12:34:32+0000,0,0,2,0
59a94f9e95d0e0246f202a9e,2017-09-01T12:16:23+0000,0,0,1,0
59a929b395d0e0246f202a35,2017-09-01T09:34:34+0000,0,0,1,0
59a921b595d0e0246f202a22,2017-09-01T09:00:26+0000,0,0,1,0
59a8c9cb95d0e0246f20295c,2017-09-01T02:45:22+0000,1,0,1,0
59a8ad5b95d0e0246f202938,2017-09-01T00:44:02+0000,0,0,1,0
59a8a61c95d0e0246f202923,2017-09-01T00:13:09+0000,1,0,1,0
59ade06795d0e0246f2031c4,2017-09-04T23:23:13+0000,1,0,1,0
59adc72495d0e0246f20319e,2017-09-04T21:35:05+0000,1,0,1,0
59adbf4095d0e0246f203192,2017-09-04T21:01:27+0000,0,0,1,0
59adabef95d0e0246f20316c,2017-09-04T19:39:01+0000,1,0,1,0
59ad161695d0e0246f203052,2017-09-04T09:00:02+0000,1,0,1,0
59acad4095d0e0246f202fba,2017-09-04T01:32:36+0000,0,0,0,1
59ac8a7d95d0e0246f202f98,2017-09-03T23:04:18+0000,1,0,1,0
59ac5cf595d0e0246f202f53,2017-09-03T19:49:48+0000,0,0,1,0
59ac58a795d0e0246f202f4a,2017-09-03T19:31:40+0000,1,0,1,0
59ac3c4a95d0e0246f202f2c,2017-09-03T17:30:37+0000,1,0,1,0
59ab621595d0e0246f202e0b,2017-09-03T01:59:43+0000,2,0,1,0
59b081d895d0e0246f2038ca,2017-09-06T23:16:30+0000,2,0,0,0
59b07f5e95d0e0246f2038bb,2017-09-06T23:05:57+0000,1,1,0,0
59b07b2095d0e0246f2038ab,2017-09-06T22:47:49+0000,0,1,0,0
59b077ba95d0e0246f2038a5,2017-09-06T22:33:06+0000,0,0,1,0
59b06f4e95d0e0246f203889,2017-09-06T21:57:25+0000,0,0,1,0
59b06ef695d0e0246f203888,2017-09-06T21:55:52+0000,1,1,0,0
59b0674695d0e0246f203873,2017-09-06T21:23:07+0000,1,0,2,0
59b05ec495d0e0246f203853,2017-09-06T20:46:38+0000,2,1,0,0
59b058ca95d0e0246f20383b,2017-09-06T20:21:22+0000,1,1,0,0
59b045e295d0e0246f203802,2017-09-06T19:00:18+0000,1,0,0,0
59b03dc795d0e0246f2037e0,2017-09-06T18:26:08+0000,1,0,1,0
59b026c495d0e0246f203780,2017-09-06T16:47:55+0000,0,0,1,0
59b0253f95d0e0246f20377b,2017-09-06T16:41:08+0000,0,0,1,0
59b0212e95d0e0246f203766,2017-09-06T16:24:08+0000,1,1,1,0
59b01b7195d0e0246f203742,2017-09-06T15:59:33+0000,2,2,0,0
59b012e695d0e0246f20371f,2017-09-06T15:23:09+0000,0,1,0,0
59afe94395d0e0246f203699,2017-09-06T12:25:26+0000,2,2,0,0
59afdf6895d0e0246f203679,2017-09-06T11:42:58+0000,0,0,1,0
59afc16795d0e0246f20361e,2017-09-06T09:35:27+0000,1,1,0,0
59afc05695d0e0246f20361c,2017-09-06T09:30:51+0000,1,0,0,0
59afbf9895d0e0246f20361b,2017-09-06T09:27:26+0000,0,0,2,0
59afb93395d0e0246f20360a,2017-09-06T09:00:20+0000,0,0,1,0
59af744795d0e0246f203552,2017-09-06T04:06:20+0000,0,1,0,0
59af5e1495d0e0246f203536,2017-09-06T02:31:37+0000,0,0,2,0
59af3fae95d0e0246f203511,2017-09-06T00:21:59+0000,0,1,0,0
59af3b8995d0e0246f203504,2017-09-06T00:04:19+0000,1,1,0,0
59af100595d0e0246f20349a,2017-09-05T20:58:30+0000,1,0,1,0
59aeca8195d0e0246f2033b4,2017-09-05T16:02:01+0000,1,0,2,0
59aeaae795d0e0246f203352,2017-09-05T13:47:10+0000,1,0,1,0
59aea4c695d0e0246f203343,2017-09-05T13:21:04+0000,2,1,0,0
59ae75b095d0e0246f2032cf,2017-09-05T10:00:04+0000,0,0,1,0
59adf65c95d0e0246f2031df,2017-09-05T00:56:49+0000,1,1,0,0
59adf11295d0e0246f2031d8,2017-09-05T00:33:56+0000,0,0,1,0
59adf07f95d0e0246f2031d5,2017-09-05T00:31:51+0000,0,1,0,0
59b32c1895d0e0246f203fbd,2017-09-08T23:47:24+0000,3,1,1,0
59b3241195d0e0246f203faf,2017-09-08T23:13:11+0000,2,1,0,0
59b31c7595d0e0246f203fa1,2017-09-08T22:40:44+0000,0,2,0,0
59b31c0695d0e0246f203f9e,2017-09-08T22:38:50+0000,1,1,0,0
59b31bab95d0e0246f203f9c,2017-09-08T22:37:21+0000,1,0,0,0
59b317a195d0e0246f203f8c,2017-09-08T22:20:10+0000,3,1,0,0
59b30e6595d0e0246f203f79,2017-09-08T21:40:40+0000,0,0,1,0
59b2fc1995d0e0246f203f3a,2017-09-08T20:22:41+0000,2,1,1,0
59b2ef6c95d0e0246f203f1e,2017-09-08T19:28:16+0000,1,0,0,0
59b2ed8f95d0e0246f203f17,2017-09-08T19:20:29+0000,0,1,1,0
59b2e84995d0e0246f203f07,2017-09-08T18:58:06+0000,1,1,0,0
59b2ddb095d0e0246f203ee0,2017-09-08T18:12:55+0000,2,1,0,0
59b2dca095d0e0246f203edb,2017-09-08T18:08:23+0000,1,2,0,0
59b2d1a195d0e0246f203eb6,2017-09-08T17:21:28+0000,0,0,1,0
59b2d16e95d0e0246f203eb5,2017-09-08T17:20:23+0000,1,1,0,0
59b2cc5295d0e0246f203ea7,2017-09-08T16:58:35+0000,1,1,1,0
59b2be6595d0e0246f203e77,2017-09-08T15:59:17+0000,2,2,0,0
59b2bc8295d0e0246f203e6e,2017-09-08T15:51:20+0000,2,0,0,0
59b2af9595d0e0246f203e46,2017-09-08T14:55:43+0000,1,0,1,0
59b2a8cb95d0e0246f203e2f,2017-09-08T14:27:18+0000,2,0,0,0
59b2a30895d0e0246f203e22,2017-09-08T14:02:36+0000,1,1,0,0
59b269e095d0e0246f203d93,2017-09-08T09:58:35+0000,1,0,0,0
59b25c4895d0e0246f203d75,2017-09-08T09:00:38+0000,1,0,0,0
59b25c3695d0e0246f203d6c,2017-09-08T09:00:25+0000,1,0,1,0
59b2581295d0e0246f203d55,2017-09-08T08:42:51+0000,1,0,0,0
59b2515595d0e0246f203d48,2017-09-08T08:14:01+0000,1,2,0,0
59b2163d95d0e0246f203cc5,2017-09-08T04:01:54+0000,1,1,0,0
59b2103795d0e0246f203cbb,2017-09-08T03:36:08+0000,2,1,1,0
59b1e73a95d0e0246f203c8a,2017-09-08T00:41:15+0000,0,0,2,0
59b1e71095d0e0246f203c88,2017-09-08T00:40:14+0000,0,2,0,0
59b1dec795d0e0246f203c7b,2017-09-08T00:04:47+0000,0,1,0,0
59b1de5395d0e0246f203c79,2017-09-08T00:03:08+0000,1,1,0,0
59b1d1bf95d0e0246f203c61,2017-09-07T23:09:40+0000,1,0,1,0
59b1cb6595d0e0246f203c52,2017-09-07T22:42:26+0000,1,0,1,0
59b1c91195d0e0246f203c4d,2017-09-07T22:32:08+0000,0,0,1,0
59b1c79c95d0e0246f203c4b,2017-09-07T22:26:16+0000,0,1,0,0
59b1b2f395d0e0246f203c13,2017-09-07T20:58:20+0000,2,1,0,0
59b1a6ca95d0e0246f203be9,2017-09-07T20:06:20+0000,1,1,1,0
59b1a57495d0e0246f203be4,2017-09-07T20:00:38+0000,1,1,0,0
59b19ec195d0e0246f203bd5,2017-09-07T19:32:08+0000,0,2,2,0
59b19cb895d0e0246f203bd0,2017-09-07T19:23:26+0000,1,1,0,0
59b1947095d0e0246f203bb6,2017-09-07T18:48:06+0000,2,2,0,0
59b192d495d0e0246f203bb1,2017-09-07T18:41:16+0000,1,0,0,0
59b175e695d0e0246f203b43,2017-09-07T16:37:45+0000,0,0,1,0
59b173e295d0e0246f203b36,2017-09-07T16:29:14+0000,3,0,1,0
59b14c7295d0e0246f203a9d,2017-09-07T13:40:57+0000,1,0,1,0
59b1430d95d0e0246f203a7b,2017-09-07T13:00:46+0000,1,0,0,0
59b113e995d0e0246f2039fb,2017-09-07T09:39:43+0000,0,1,0,0
59b10ab995d0e0246f2039de,2017-09-07T09:00:23+0000,1,1,0,0
59b10aa495d0e0246f2039d6,2017-09-07T09:00:05+0000,1,0,2,0
59b10aa095d0e0246f2039d1,2017-09-07T09:00:03+0000,1,0,0,0
59b10aa195d0e0246f2039d4,2017-09-07T09:00:03+0000,0,0,0,1
59b1079695d0e0246f2039c4,2017-09-07T08:47:10+0000,1,0,0,0
59b0d42395d0e0246f203941,2017-09-07T05:07:38+0000,2,2,0,0
59b0c6e995d0e0246f203928,2017-09-07T04:11:10+0000,1,1,0,0
59b08eee95d0e0246f2038da,2017-09-07T00:12:01+0000,1,0,0,0
59b08e3995d0e0246f2038d9,2017-09-07T00:09:18+0000,1,1,0,0
59b5d18f95d0e0246f204337,2017-09-10T23:57:57+0000,1,1,0,0
59b5ccfc95d0e0246f204330,2017-09-10T23:38:02+0000,1,1,0,0
59b5c0d095d0e0246f204312,2017-09-10T22:46:32+0000,2,2,0,0
59b5b2ed95d0e0246f204303,2017-09-10T21:47:15+0000,2,2,0,0
59b59c0295d0e0246f2042d1,2017-09-10T20:09:26+0000,1,1,0,0
59b5995f95d0e0246f2042c9,2017-09-10T19:58:00+0000,1,2,0,0
59b57e2d95d0e0246f2042a7,2017-09-10T18:02:08+0000,1,2,0,0
59b5541895d0e0246f204267,2017-09-10T15:02:48+0000,1,1,0,0
59b54a2195d0e0246f204253,2017-09-10T14:20:08+0000,0,2,0,0
59b5490795d0e0246f204251,2017-09-10T14:15:26+0000,2,2,0,0
59b50d7295d0e0246f204216,2017-09-10T10:00:53+0000,1,1,0,0
59b501fa95d0e0246f204207,2017-09-10T09:12:18+0000,1,0,0,0
59b4d4ef95d0e0246f2041ea,2017-09-10T06:00:01+0000,0,1,0,0
59b4c51095d0e0246f2041dd,2017-09-10T04:52:10+0000,0,1,0,0
59b4bf6195d0e0246f2041d3,2017-09-10T04:28:10+0000,1,0,0,0
59b4bb3495d0e0246f2041bc,2017-09-10T04:10:00+0000,2,0,0,0
59b4a25b95d0e0246f20418a,2017-09-10T02:24:15+0000,0,1,0,0
59b4741a95d0e0246f204164,2017-09-09T23:06:52+0000,0,1,0,0
59b4634f95d0e0246f204155,2017-09-09T21:54:56+0000,1,0,0,0
59b4625195d0e0246f204153,2017-09-09T21:51:00+0000,1,0,0,0
59b4587d95d0e0246f204143,2017-09-09T21:08:55+0000,1,1,0,0
59b42b9195d0e0246f2040f5,2017-09-09T17:57:09+0000,0,1,0,0
59b4221395d0e0246f2040e7,2017-09-09T17:17:01+0000,1,2,0,0
59b4112195d0e0246f2040c6,2017-09-09T16:04:27+0000,3,1,0,0
59b40f5195d0e0246f2040c3,2017-09-09T15:56:55+0000,0,0,1,0
59b3febe95d0e0246f2040ab,2017-09-09T14:46:16+0000,2,2,0,0
59b3f09595d0e0246f20408d,2017-09-09T13:45:44+0000,1,1,0,0
59b3eed795d0e0246f20408b,2017-09-09T13:38:25+0000,2,0,0,0
59b3add195d0e0246f20404f,2017-09-09T09:00:54+0000,1,1,0,0
59b372b395d0e0246f20401f,2017-09-09T04:48:35+0000,2,1,0,0
59b34a5a95d0e0246f203fe5,2017-09-09T01:56:27+0000,1,2,0,0
59b3428e95d0e0246f203fdc,2017-09-09T01:23:04+0000,1,1,0,0
59b33d7095d0e0246f203fd8,2017-09-09T01:01:30+0000,1,1,0,0
59b33c0f95d0e0246f203fd6,2017-09-09T00:39:29+0000,1,1,0,0
59b8688395d0e0246f206428,2017-09-12T23:06:27+0000,0,1,0,0
59b856fb95d0e0246f2063e7,2017-09-12T21:51:41+0000,1,1,0,0
59b82dc195d0e0246f205ffa,2017-09-12T18:55:52+0000,1,2,0,0
59b826fc95d0e0246f205ef0,2017-09-12T18:27:00+0000,0,1,0,0
59b81bfe95d0e0246f205d5d,2017-09-12T17:40:04+0000,2,0,1,0
59b7db4695d0e0246f20541f,2017-09-12T13:03:58+0000,1,1,0,0
59b7c66995d0e0246f2053e9,2017-09-12T11:34:54+0000,1,0,0,0
59b7a23395d0e0246f20537b,2017-09-12T09:00:22+0000,2,0,0,0
59b7a21d95d0e0246f205373,2017-09-12T09:00:01+0000,3,2,0,0
59b78c1c95d0e0246f20533f,2017-09-12T07:26:07+0000,0,2,0,0
59b78b0495d0e0246f205336,2017-09-12T07:21:25+0000,0,1,1,0
59b78aef95d0e0246f205332,2017-09-12T07:21:01+0000,0,1,0,0
59b760d095d0e0246f2052dc,2017-09-12T04:21:26+0000,2,1,0,0
59b7578f95d0e0246f2052c4,2017-09-12T03:41:41+0000,2,2,0,0
59b7396395d0e0246f2052a8,2017-09-12T01:33:12+0000,0,1,0,0
59b7308095d0e0246f2052a0,2017-09-12T00:55:13+0000,0,0,0,1
59b72beb95d0e0246f20529e,2017-09-12T00:35:41+0000,1,2,0,0
59b72aee95d0e0246f20529d,2017-09-12T00:31:35+0000,1,2,0,0
59b7292795d0e0246f20529b,2017-09-12T00:23:59+0000,1,0,0,0
59b7272395d0e0246f205299,2017-09-12T00:15:22+0000,1,1,0,0
59b7272095d0e0246f205298,2017-09-12T00:15:00+0000,1,1,0,0
59b7222995d0e0246f20528b,2017-09-11T23:54:11+0000,1,1,0,0
59b720c295d0e0246f205286,2017-09-11T23:48:00+0000,0,1,0,0
59b717f595d0e0246f205274,2017-09-11T23:10:33+0000,1,0,0,0
59b711f795d0e0246f205261,2017-09-11T22:45:01+0000,1,0,0,0
59b7029495d0e0246f205145,2017-09-11T21:39:24+0000,0,1,0,0
59b6f8c195d0e0246f20500f,2017-09-11T20:57:21+0000,2,1,0,0
59b6f82795d0e0246f20500e,2017-09-11T20:54:56+0000,0,0,0,1
59b6eae395d0e0246f204e15,2017-09-11T19:58:15+0000,0,1,0,0
59b6ea8395d0e0246f204e03,2017-09-11T19:56:42+0000,1,2,0,0
59b6e97695d0e0246f204db7,2017-09-11T19:52:14+0000,1,1,0,0
59b6e48a95d0e0246f204d01,2017-09-11T19:31:05+0000,0,1,0,0
59b6c48495d0e0246f20484f,2017-09-11T17:14:11+0000,2,2,0,0
59b6902995d0e0246f2044b4,2017-09-11T13:31:07+0000,2,1,0,0
59b6845495d0e0246f204491,2017-09-11T12:40:38+0000,2,0,1,0
59b6733c95d0e0246f20446b,2017-09-11T11:27:48+0000,1,1,0,0
59b665da95d0e0246f204445,2017-09-11T10:30:35+0000,1,1,0,0
59b65e9195d0e0246f20443b,2017-09-11T09:59:14+0000,0,2,0,0
59b650b095d0e0246f204412,2017-09-11T09:00:24+0000,2,1,0,0
59b650b395d0e0246f204415,2017-09-11T09:00:24+0000,1,1,0,0
59b650ae95d0e0246f20440f,2017-09-11T09:00:03+0000,1,0,1,0
59b60bb395d0e0246f204379,2017-09-11T04:06:02+0000,1,1,0,0
59b5e2ac95d0e0246f204348,2017-09-11T01:10:56+0000,1,1,0,0
59b5dce695d0e0246f20433e,2017-09-11T00:46:19+0000,1,2,0,0
59b5d7b595d0e0246f204339,2017-09-11T00:24:11+0000,2,1,0,0
59b5d68295d0e0246f204338,2017-09-11T00:19:08+0000,0,1,0,0
59bb0df395d0e0246f2083a0,2017-09-14T23:16:56+0000,1,1,0,0
59bb0db495d0e0246f20839c,2017-09-14T23:15:54+0000,2,1,0,0
59bb086595d0e0246f20838c,2017-09-14T22:50:46+0000,1,1,0,0
59bafb5b95d0e0246f208369,2017-09-14T21:57:35+0000,1,0,0,0
59badf6295d0e0246f208205,2017-09-14T18:45:15+0000,0,1,0,0
59baa71f95d0e0246f207b41,2017-09-14T15:58:12+0000,1,1,0,0
59ba3e1195d0e0246f207716,2017-09-14T08:30:01+0000,1,1,0,0
59ba2dfc95d0e0246f2076e1,2017-09-14T07:21:22+0000,1,0,0,0
59ba259195d0e0246f2076c7,2017-09-14T06:45:02+0000,2,0,0,0
59ba07bb95d0e0246f207684,2017-09-14T04:37:55+0000,0,0,2,0
59b9c6b795d0e0246f20761a,2017-09-14T00:00:45+0000,1,1,0,0
59b9ad2a95d0e0246f2075db,2017-09-13T22:11:42+0000,1,0,0,0
59b9439495d0e0246f2067b8,2017-09-13T14:41:08+0000,0,1,0,0
59b8fcbc95d0e0246f206557,2017-09-13T09:38:58+0000,0,1,0,0
59b8f39c95d0e0246f206531,2017-09-13T09:00:04+0000,1,2,0,0
59b89dca95d0e0246f206482,2017-09-13T02:53:52+0000,0,1,0,0
59b89db195d0e0246f206481,2017-09-13T02:53:25+0000,1,1,0,0
59b877cd95d0e0246f206449,2017-09-13T00:11:24+0000,0,1,0,0
59bd59f795d0e0246f208c84,2017-09-16T17:05:46+0000,1,0,2,0
59bd464d95d0e0246f208c60,2017-09-16T15:41:49+0000,0,1,0,0
59bd1b2b95d0e0246f208c2a,2017-09-16T12:37:53+0000,1,2,0,0
59bce84295d0e0246f208bed,2017-09-16T09:00:40+0000,0,1,0,0
59bc91e195d0e0246f208b9e,2017-09-16T02:52:09+0000,2,0,0,0
59bc656895d0e0246f208b69,2017-09-15T23:42:22+0000,0,1,0,0
59bc5ee595d0e0246f208b5e,2017-09-15T23:14:21+0000,1,0,0,0
59bc3f4f95d0e0246f208af9,2017-09-15T20:59:47+0000,1,1,0,0
59bc3c9a95d0e0246f208ae7,2017-09-15T20:48:10+0000,1,0,0,0
59bc346e95d0e0246f208aac,2017-09-15T20:13:22+0000,1,0,0,0
59bbb7be95d0e0246f208524,2017-09-15T11:21:24+0000,1,1,0,0
59bb7ab195d0e0246f208452,2017-09-15T07:00:37+0000,1,1,0,0
59c0578f95d0e0246f209717,2017-09-18T23:32:23+0000,2,1,0,2
59c0421a95d0e0246f209626,2017-09-18T22:00:45+0000,1,0,0,1
59c0274595d0e0246f2093cb,2017-09-18T20:06:14+0000,1,0,0,1
59c01bc995d0e0246f2092e4,2017-09-18T19:17:22+0000,2,0,0,2
59c012fe95d0e0246f209212,2017-09-18T18:39:51+0000,1,0,0,0
59bfd07f95d0e0246f20904d,2017-09-18T13:56:08+0000,2,1,0,0
59bfb0dd95d0e0246f208fe7,2017-09-18T11:41:09+0000,1,1,1,0
59bf943b95d0e0246f208fa1,2017-09-18T09:38:57+0000,1,0,0,1
59bf8b4295d0e0246f208f8c,2017-09-18T09:00:23+0000,1,0,0,0
59bf07e895d0e0246f208eb7,2017-09-17T23:40:12+0000,2,1,0,2
59bee32e95d0e0246f208e7e,2017-09-17T21:03:32+0000,1,2,0,0
59bed3a895d0e0246f208e5d,2017-09-17T19:57:20+0000,0,1,0,0
59becc0995d0e0246f208e4e,2017-09-17T19:24:44+0000,0,2,0,0
59bea96395d0e0246f208e20,2017-09-17T16:56:31+0000,0,0,1,0
59be47d095d0e0246f208d98,2017-09-17T10:00:37+0000,1,0,0,0
59be39b095d0e0246f208d8e,2017-09-17T09:00:26+0000,1,1,0,0
59be399c95d0e0246f208d8d,2017-09-17T09:00:01+0000,1,2,0,0
59bdd3ba95d0e0246f208d1a,2017-09-17T01:45:19+0000,1,0,0,1
59c2e66695d0e0246f20ac7b,2017-09-20T22:06:18+0000,1,0,0,1
59c2c7fb95d0e0246f20a9b6,2017-09-20T19:56:19+0000,1,0,0,1
59c2ae3795d0e0246f20a659,2017-09-20T18:06:33+0000,1,0,0,0
59c2376795d0e0246f20a0b8,2017-09-20T09:39:44+0000,1,0,0,0
59c2362595d0e0246f20a0b6,2017-09-20T09:34:18+0000,1,0,0,1
59c2121395d0e0246f20a04f,2017-09-20T07:00:24+0000,1,0,0,0
59c1e9a295d0e0246f20a002,2017-09-20T04:07:52+0000,1,0,0,1
59c1d4da95d0e0246f209fdf,2017-09-20T02:39:17+0000,2,0,0,2
59c193f295d0e0246f209f7a,2017-09-19T22:01:59+0000,1,0,0,1
59c1768895d0e0246f209e20,2017-09-19T19:56:45+0000,1,0,0,1
59c1612295d0e0246f209dd3,2017-09-19T18:25:29+0000,3,1,0,2
59c15ec695d0e0246f209dc5,2017-09-19T18:15:26+0000,2,0,0,0
59c1585595d0e0246f209dae,2017-09-19T17:47:42+0000,2,0,2,0
59c1533195d0e0246f209d8d,2017-09-19T17:25:41+0000,0,1,0,0
59c1454e95d0e0246f209c23,2017-09-19T16:26:48+0000,3,0,0,2
59c132c495d0e0246f209a91,2017-09-19T15:07:23+0000,0,1,1,0
59c1147395d0e0246f20988f,2017-09-19T12:58:17+0000,2,1,1,1
59c0eaad95d0e0246f209816,2017-09-19T10:00:02+0000,1,0,0,0
59c0e5d795d0e0246f209805,2017-09-19T09:39:21+0000,1,0,0,1
59c0dc7195d0e0246f2097e8,2017-09-19T08:59:20+0000,1,0,0,1
59c0995895d0e0246f20975c,2017-09-19T04:12:55+0000,1,0,0,1
59c5863d95d0e0246f20bba1,2017-09-22T21:52:50+0000,1,0,0,1
59c5814295d0e0246f20bb97,2017-09-22T21:31:36+0000,0,0,0,1
59c5792895d0e0246f20bb79,2017-09-22T20:56:50+0000,2,0,0,2
59c540f495d0e0246f20bacd,2017-09-22T16:57:12+0000,1,1,0,1
59c53abb95d0e0246f20bab8,2017-09-22T16:30:28+0000,2,0,0,2
59c52b9b95d0e0246f20ba80,2017-09-22T15:26:02+0000,0,0,0,1
59c50c6395d0e0246f20ba0f,2017-09-22T13:12:59+0000,1,0,0,1
59c4e65f95d0e0246f20b994,2017-09-22T10:30:44+0000,1,0,0,1
59c4ca0f95d0e0246f20b932,2017-09-22T08:30:01+0000,1,0,0,1
59c4707895d0e0246f20b896,2017-09-22T02:07:43+0000,1,0,0,1
59c44ec095d0e0246f20b86d,2017-09-21T23:43:49+0000,0,0,0,1
59c42d2f95d0e0246f20b819,2017-09-21T21:20:38+0000,1,0,0,0
59c3d39495d0e0246f20b059,2017-09-21T14:58:15+0000,1,0,0,0
59c3873c95d0e0246f20adbe,2017-09-21T09:32:03+0000,1,0,0,1
59c3786795d0e0246f20ad8c,2017-09-21T08:29:19+0000,2,0,0,2
59c30ad495d0e0246f20acb7,2017-09-21T00:41:39+0000,1,1,0,1
59c3044e95d0e0246f20acaf,2017-09-21T00:14:00+0000,0,1,0,0
59c301e095d0e0246f20acaa,2017-09-21T00:03:38+0000,1,0,0,0
59c8274d95d0e0246f20bf32,2017-09-24T21:44:33+0000,2,0,0,2
59c81ce995d0e0246f20bf16,2017-09-24T21:00:12+0000,0,0,0,1
59c6f7b895d0e0246f20bd97,2017-09-24T00:08:54+0000,1,0,0,1
59c65d7395d0e0246f20bca7,2017-09-23T13:11:05+0000,1,0,0,0
59c5dc7f95d0e0246f20bc20,2017-09-23T04:00:27+0000,0,0,1,0
59c5ae4b95d0e0246f20bbf8,2017-09-23T00:43:46+0000,1,0,0,1
59c5a80695d0e0246f20bbee,2017-09-23T00:17:02+0000,1,0,0,1
59cabe6495d0e0246f20c820,2017-09-26T20:53:43+0000,1,0,0,1
59ca954695d0e0246f20c789,2017-09-26T17:58:18+0000,1,0,0,0
59ca794595d0e0246f20c72a,2017-09-26T15:58:45+0000,2,0,0,0
59ca32db95d0e0246f20c642,2017-09-26T10:58:00+0000,1,0,0,1
59ca252e95d0e0246f20c620,2017-09-26T10:00:01+0000,1,0,2,0
59c9a2f495d0e0246f20c518,2017-09-26T00:44:27+0000,1,0,0,0
59c9925d95d0e0246f20c502,2017-09-25T23:33:39+0000,1,0,0,1
59c9697895d0e0246f20c48d,2017-09-25T20:39:14+0000,0,0,0,1
59c9675195d0e0246f20c48a,2017-09-25T20:30:01+0000,1,0,0,0
59c9321b95d0e0246f20c2e7,2017-09-25T16:42:58+0000,1,1,0,1
59c8d3ad95d0e0246f20c059,2017-09-25T10:00:02+0000,1,0,0,0
59c8548995d0e0246f20bf6b,2017-09-25T00:57:35+0000,1,0,0,2
59cd6d0995d0e0246f20d04c,2017-09-28T21:43:28+0000,1,0,0,0
59ccf14195d0e0246f20ce47,2017-09-28T12:41:38+0000,2,0,0,1
59cce12c95d0e0246f20ce0a,2017-09-28T11:46:21+0000,1,0,2,0
59ccc84695d0e0246f20cdab,2017-09-28T10:00:01+0000,1,0,0,0
59cc318395d0e0246f20cc76,2017-09-27T23:17:15+0000,1,0,0,0
59cc1d4995d0e0246f20cc35,2017-09-27T21:50:57+0000,1,0,0,0
59cc14f795d0e0246f20cc1e,2017-09-27T21:15:22+0000,1,1,0,1
59cbfe6295d0e0246f20cbc2,2017-09-27T19:39:01+0000,0,1,1,1
59cbe79295d0e0246f20cb65,2017-09-27T18:01:42+0000,1,0,0,1
59cbafc895d0e0246f20ca76,2017-09-27T14:03:42+0000,1,0,0,0
59cb68b295d0e0246f20c972,2017-09-27T09:00:25+0000,1,0,0,1
59cb3ee695d0e0246f20c8fc,2017-09-27T06:02:01+0000,1,0,0,1
59cf956b95d0e0246f20d4ed,2017-09-30T13:00:19+0000,0,1,0,0
59cf7d8c95d0e0246f20d4d1,2017-09-30T11:18:15+0000,1,0,0,1
59cede1095d0e0246f20d43c,2017-09-29T23:57:53+0000,1,0,1,0
59ced30095d0e0246f20d428,2017-09-29T23:10:46+0000,1,0,0,1
59ceb75995d0e0246f20d3e4,2017-09-29T21:12:51+0000,1,0,0,1
59ceb2c895d0e0246f20d3d6,2017-09-29T20:52:52+0000,1,0,0,1
59ce843195d0e0246f20d33b,2017-09-29T17:34:33+0000,1,0,0,1
59ce68b295d0e0246f20d2d5,2017-09-29T15:37:07+0000,1,0,0,0
59ce662295d0e0246f20d2c9,2017-09-29T15:26:15+0000,1,0,0,0
59ce43ea95d0e0246f20d245,2017-09-29T13:00:16+0000,0,2,0,0
59ce27da95d0e0246f20d1e8,2017-09-29T11:00:28+0000,0,1,0,0
5981ddde95d0e0246f1fdb18,2017-08-02T14:12:26+0000,0,1,0,0
5981178d95d0e0246f1fd968,2017-08-02T00:06:32+0000,0,1,0,0
597fd41195d0e0246f1fd658,2017-08-01T01:06:16+0000,0,1,0,0
598453bf95d0e0246f1fe19b,2017-08-04T11:00:04+0000,0,1,0,0
5984403695d0e0246f1fe16b,2017-08-04T09:36:50+0000,0,1,0,0
5983bb3695d0e0246f1fe06c,2017-08-04T00:09:16+0000,0,2,0,0
5983796395d0e0246f1fdf90,2017-08-03T19:28:20+0000,0,1,0,0
59836c8295d0e0246f1fdf67,2017-08-03T18:33:33+0000,0,2,0,0
598290f695d0e0246f1fdcff,2017-08-03T02:56:48+0000,0,1,0,0
598279ce95d0e0246f1fdce6,2017-08-03T01:17:46+0000,0,1,0,0
598276ad95d0e0246f1fdcde,2017-08-03T01:04:36+0000,0,1,0,0
598777e895d0e0246f1fe64d,2017-08-06T20:11:16+0000,0,1,0,0
5985eece95d0e0246f1fe498,2017-08-05T16:14:01+0000,0,1,0,0
5985891e95d0e0246f1fe411,2017-08-05T09:00:06+0000,0,1,0,0
5989619695d0e0246f1fe9d7,2017-08-08T07:00:31+0000,0,1,0,0
598b494395d0e0246f1fee8b,2017-08-09T17:41:15+0000,1,0,0,0
598b2bd595d0e0246f1fee2a,2017-08-09T15:35:40+0000,0,0,0,1
598b202295d0e0246f1fee09,2017-08-09T14:45:42+0000,0,1,0,0
598a66ee95d0e0246f1fec7e,2017-08-09T01:35:32+0000,0,0,2,0
598f493d95d0e0246f1ff6f2,2017-08-12T18:30:11+0000,0,1,0,0
598daa7295d0e0246f1ff3fd,2017-08-11T13:00:22+0000,0,0,0,1
598d723c95d0e0246f1ff36e,2017-08-11T09:00:33+0000,0,0,0,1
5991209a95d0e0246f1ff91d,2017-08-14T04:01:27+0000,0,1,0,0
5990ec1e95d0e0246f1ff8de,2017-08-14T00:17:28+0000,0,0,0,1
5994790095d0e0246f2000b1,2017-08-16T16:55:20+0000,0,0,0,1
5994647c95d0e0246f20006c,2017-08-16T15:27:47+0000,1,0,0,0
599385bb95d0e0246f1ffe71,2017-08-15T23:37:26+0000,0,2,0,0
59931ea895d0e0246f1ffd52,2017-08-15T16:17:37+0000,0,0,0,1
599f56f195d0e0246f201642,2017-08-24T22:44:57+0000,0,0,1,0
599f4e4d95d0e0246f201621,2017-08-24T22:08:02+0000,0,0,1,0
599f051a95d0e0246f20154b,2017-08-24T16:55:26+0000,2,0,1,0
599eee7495d0e0246f2014f9,2017-08-24T15:19:12+0000,0,0,0,1
599e959e95d0e0246f20140c,2017-08-24T09:00:15+0000,0,1,0,0
599dae1f95d0e0246f201244,2017-08-23T16:32:22+0000,0,1,0,0
599d8dba95d0e0246f2011e2,2017-08-23T14:14:11+0000,2,0,1,0
599cd30c95d0e0246f201054,2017-08-23T00:57:42+0000,1,0,0,0
59a1c45495d0e0246f201ad1,2017-08-26T18:56:06+0000,0,0,1,0
59a1a78895d0e0246f201aa6,2017-08-26T16:53:16+0000,2,0,2,0
59a1a21a95d0e0246f201a96,2017-08-26T16:30:13+0000,2,0,2,0
59a19e9695d0e0246f201a8d,2017-08-26T16:15:12+0000,2,0,1,0
59a148f495d0e0246f201a36,2017-08-26T10:09:46+0000,0,0,1,0
59a1389d95d0e0246f201a23,2017-08-26T09:00:04+0000,0,1,0,0
59a0fce695d0e0246f201a02,2017-08-26T04:45:21+0000,2,0,2,0
59a0dbaf95d0e0246f2019d7,2017-08-26T02:23:34+0000,2,0,0,0
59a0c3dc95d0e0246f2019ae,2017-08-26T00:41:53+0000,1,0,1,0
59a0b92895d0e0246f2019a3,2017-08-25T23:56:15+0000,1,0,1,0
59a08d0395d0e0246f201941,2017-08-25T20:47:55+0000,3,0,0,0
59a0627d95d0e0246f2018c7,2017-08-25T17:46:29+0000,0,0,0,1
59a04c0e95d0e0246f201875,2017-08-25T16:10:48+0000,2,0,0,0
59a045a895d0e0246f201856,2017-08-25T15:43:32+0000,2,0,2,0
599feeac95d0e0246f201760,2017-08-25T09:32:05+0000,1,0,1,0
59a03d2195d0e0246f20183d,2017-08-25T09:00:05+0000,2,0,1,0
59a4ab8895d0e0246f201f4d,2017-08-28T23:47:08+0000,1,0,1,0
59a4a84995d0e0246f201f41,2017-08-28T23:33:13+0000,0,0,1,0
59a4a16f95d0e0246f201f33,2017-08-28T23:03:50+0000,1,0,1,0
59a4a14895d0e0246f201f30,2017-08-28T23:03:28+0000,2,0,0,0
59a49fbb95d0e0246f201f2c,2017-08-28T22:56:49+0000,0,0,1,0
59a499e595d0e0246f201f1a,2017-08-28T22:31:59+0000,0,0,1,0
59a495c595d0e0246f201f0d,2017-08-28T22:14:21+0000,1,0,1,0
59a494c795d0e0246f201f09,2017-08-28T22:10:02+0000,2,0,2,0
59a4924195d0e0246f201efe,2017-08-28T21:59:17+0000,0,0,1,0
59a48b7c95d0e0246f201ee9,2017-08-28T21:30:27+0000,1,0,0,0
59a4826295d0e0246f201ed1,2017-08-28T20:51:33+0000,1,0,1,0
59a47a5995d0e0246f201eba,2017-08-28T20:17:17+0000,1,0,1,0
59a4760195d0e0246f201eb0,2017-08-28T19:58:48+0000,1,0,2,0
59a4719c95d0e0246f201ea5,2017-08-28T19:40:00+0000,1,0,1,0
59a4627b95d0e0246f201e84,2017-08-28T18:35:25+0000,1,0,1,0
59a4581a95d0e0246f201e66,2017-08-28T17:51:14+0000,1,0,2,0
59a42b8a95d0e0246f201dfc,2017-08-28T14:41:03+0000,1,0,0,0
59a429e995d0e0246f201df7,2017-08-28T14:34:09+0000,0,0,0,1
59a40fdc95d0e0246f201dc2,2017-08-28T12:43:03+0000,2,0,2,0
59a4091695d0e0246f201db9,2017-08-28T12:14:03+0000,1,0,1,0
59a3fc8d95d0e0246f201d9f,2017-08-28T11:20:34+0000,1,0,1,0
59a3f14595d0e0246f201d8c,2017-08-28T10:32:09+0000,2,0,2,0
59a3dba395d0e0246f201d59,2017-08-28T09:00:03+0000,1,0,1,0
59a399d495d0e0246f201ce4,2017-08-28T04:19:24+0000,1,0,1,0
59a3772295d0e0246f201cbd,2017-08-28T01:46:43+0000,0,0,1,0
59a33a7495d0e0246f201c82,2017-08-27T21:32:26+0000,0,0,1,0
59a330c095d0e0246f201c75,2017-08-27T20:51:00+0000,0,0,2,0
59a30af295d0e0246f201c32,2017-08-27T18:09:36+0000,1,0,1,0
59a306f595d0e0246f201c2c,2017-08-27T17:52:40+0000,2,0,1,0
59a2ff7195d0e0246f201c1b,2017-08-27T17:20:44+0000,0,0,2,0
59a2c0eb95d0e0246f201bcc,2017-08-27T12:53:50+0000,1,0,1,0
59a2a15e95d0e0246f201bb3,2017-08-27T10:39:15+0000,0,0,2,0
59a2376895d0e0246f201b43,2017-08-27T03:07:11+0000,0,0,1,0
59a2105995d0e0246f201b26,2017-08-27T00:20:34+0000,1,0,0,0
59a7493095d0e0246f20256d,2017-08-30T23:24:21+0000,0,0,1,0
59a7420b95d0e0246f202558,2017-08-30T22:53:45+0000,0,0,1,0
59a741b395d0e0246f202557,2017-08-30T22:52:24+0000,0,0,1,0
59a73faa95d0e0246f202554,2017-08-30T22:43:37+0000,0,0,1,0
59a73dc895d0e0246f20254c,2017-08-30T22:35:41+0000,1,0,0,0
59a73a2495d0e0246f202544,2017-08-30T22:20:08+0000,0,0,1,0
59a71de295d0e0246f2024e8,2017-08-30T20:19:33+0000,0,0,0,1
59a71cdf95d0e0246f2024e3,2017-08-30T20:15:14+0000,1,0,1,0
59a714b795d0e0246f2024cc,2017-08-30T19:40:29+0000,0,0,1,0
59a6c16595d0e0246f2023c1,2017-08-30T13:45:05+0000,0,0,1,0
59a685b195d0e0246f20232b,2017-08-30T09:30:14+0000,0,0,1,0
59a67eb595d0e0246f20231c,2017-08-30T09:00:24+0000,1,0,0,0
59a6698095d0e0246f2022eb,2017-08-30T07:30:01+0000,0,1,0,0
59a6677595d0e0246f2022e4,2017-08-30T07:21:12+0000,1,0,1,0
59a6625495d0e0246f2022d4,2017-08-30T06:59:22+0000,0,1,0,0
59a654df95d0e0246f2022b2,2017-08-30T06:02:01+0000,1,0,1,0
59a6337095d0e0246f202280,2017-08-30T03:39:22+0000,1,0,1,0
59a6147995d0e0246f20225f,2017-08-30T01:27:10+0000,0,0,2,0
59a60a5c95d0e0246f202252,2017-08-30T00:44:01+0000,1,0,1,0
59a5f94f95d0e0246f202236,2017-08-29T23:31:22+0000,2,0,2,0
59a5f76195d0e0246f202235,2017-08-29T23:23:04+0000,1,0,1,0
59a5ef9a95d0e0246f20221f,2017-08-29T22:49:46+0000,1,0,0,0
59a5ef3895d0e0246f20221d,2017-08-29T22:48:17+0000,0,0,1,0
59a5ec0695d0e0246f202217,2017-08-29T22:34:35+0000,0,0,1,0
59a5cc2595d0e0246f2021b6,2017-08-29T20:18:33+0000,0,0,1,0
59a5b44995d0e0246f20216c,2017-08-29T18:35:30+0000,0,0,1,0
59a5a9d095d0e0246f20214d,2017-08-29T17:52:03+0000,0,0,1,0
59a5a62395d0e0246f202143,2017-08-29T17:36:30+0000,0,0,1,0
59a5a3d395d0e0246f20213d,2017-08-29T17:26:31+0000,1,0,1,0
59a58d8495d0e0246f2020fd,2017-08-29T15:51:26+0000,0,0,1,0
59a560b195d0e0246f202098,2017-08-29T12:40:06+0000,0,0,1,0
59a54a0395d0e0246f20205d,2017-08-29T11:03:24+0000,1,0,1,0
59a53b2995d0e0246f202035,2017-08-29T10:00:02+0000,1,0,1,0
59a5377395d0e0246f20202d,2017-08-29T09:44:13+0000,1,0,1,0
59a52d3b95d0e0246f20201b,2017-08-29T09:00:30+0000,1,0,1,0
59a5160a95d0e0246f201fe3,2017-08-29T07:21:29+0000,0,0,1,0
59a4f40b95d0e0246f201fab,2017-08-29T04:56:32+0000,1,0,1,0
59a4e70595d0e0246f201f94,2017-08-29T04:01:01+0000,0,0,0,1
59a4c9db95d0e0246f201f75,2017-08-29T01:56:32+0000,0,0,1,0
59a4b6cc95d0e0246f201f60,2017-08-29T00:35:16+0000,1,0,1,0
59a4b35e95d0e0246f201f57,2017-08-29T00:20:39+0000,0,0,1,0
59a8a10995d0e0246f20291b,2017-08-31T23:51:28+0000,2,0,1,0
59a8a0b495d0e0246f20291a,2017-08-31T23:50:04+0000,0,0,1,0
59a89fb895d0e0246f202917,2017-08-31T23:45:52+0000,0,0,1,0
59a89dac95d0e0246f202913,2017-08-31T23:37:01+0000,1,0,1,0
59a8967995d0e0246f202902,2017-08-31T23:06:24+0000,1,0,1,0
59a8965e95d0e0246f202901,2017-08-31T23:05:59+0000,0,0,1,0
59a88d0895d0e0246f2028e8,2017-08-31T22:25:41+0000,1,0,1,0
59a87f5095d0e0246f2028ae,2017-08-31T21:27:28+0000,0,1,0,0
59a87f1c95d0e0246f2028ac,2017-08-31T21:26:39+0000,0,0,1,0
59a872d095d0e0246f202881,2017-08-31T20:34:15+0000,1,0,1,0
59a86fc095d0e0246f20287b,2017-08-31T20:21:13+0000,1,0,1,0
59a861ce95d0e0246f20284b,2017-08-31T19:21:36+0000,1,0,1,0
59a860f795d0e0246f202847,2017-08-31T19:18:04+0000,0,0,0,1
59a85ac795d0e0246f202833,2017-08-31T18:51:41+0000,1,0,1,0
59a8530795d0e0246f20281a,2017-08-31T18:18:39+0000,0,0,1,0
59a83d8195d0e0246f2027c9,2017-08-31T16:46:46+0000,0,0,2,0
59a83d6095d0e0246f2027c8,2017-08-31T16:46:13+0000,0,0,2,0
59a8375c95d0e0246f2027ae,2017-08-31T16:20:24+0000,0,0,1,0
59a8301695d0e0246f202793,2017-08-31T15:49:34+0000,0,0,1,0
59a81f5595d0e0246f20275d,2017-08-31T14:37:56+0000,1,0,1,0
59a7de3995d0e0246f202691,2017-08-31T10:00:18+0000,0,0,1,0
59a7d90195d0e0246f202682,2017-08-31T09:37:42+0000,0,0,1,0
59a7d76195d0e0246f20267c,2017-08-31T09:31:02+0000,0,0,1,0
59a7b90095d0e0246f20262d,2017-08-31T07:21:23+0000,1,0,0,0
59a7623895d0e0246f20258d,2017-08-31T01:11:06+0000,0,0,0,1
59a7606995d0e0246f202589,2017-08-31T01:03:30+0000,0,0,1,0
59a7542995d0e0246f202579,2017-08-31T00:11:08+0000,1,0,1,0
59a7533095d0e0246f202578,2017-08-31T00:07:05+0000,1,0,1,0
59a7532b95d0e0246f202577,2017-08-31T00:06:55+0000,1,0,1,0
595934d295d0e02550998199,2017-07-02T18:00:38+0000,0,1,0,0
595772b995d0e02550997fad,2017-07-01T10:00:18+0000,0,0,0,1
595b641495d0e02550998598,2017-07-04T09:46:56+0000,0,1,0,0
595e5eb195d0e02550998c90,2017-07-06T16:00:39+0000,0,0,0,1
595e1e3395d0e02550998bab,2017-07-06T11:25:35+0000,0,1,0,0
595fede895d0e0246f1f94d8,2017-07-07T20:23:56+0000,0,0,0,1
5966782895d0e0246f1fa171,2017-07-12T19:27:22+0000,0,1,0,0
5965e53895d0e0246f1f9f8d,2017-07-12T09:00:34+0000,0,1,0,0
5965607895d0e0246f1f9e94,2017-07-11T23:34:07+0000,0,1,0,0
5964258f95d0e0246f1f9b62,2017-07-11T01:10:29+0000,0,1,0,0
59691be895d0e0246f1fa89a,2017-07-14T19:30:32+0000,0,0,0,1
59690dc495d0e0246f1fa875,2017-07-14T18:30:01+0000,0,1,0,0
5968d6ca95d0e0246f1fa7c6,2017-07-14T14:35:47+0000,0,1,0,0
59682d4b95d0e0246f1fa630,2017-07-14T02:32:22+0000,0,1,0,0
5967d5f995d0e0246f1fa551,2017-07-13T20:20:00+0000,0,1,0,0
5966bac995d0e0246f1fa241,2017-07-13T00:11:45+0000,0,1,0,0
596a0a6595d0e0246f1fa9cb,2017-07-15T12:28:10+0000,0,1,0,0
596d5d6295d0e0246f1faef5,2017-07-18T00:59:06+0000,0,0,1,0
596cbdce95d0e0246f1fad5c,2017-07-17T13:38:16+0000,0,1,0,0
596f791a95d0e0246f1fb3c7,2017-07-19T15:21:55+0000,0,2,0,0
596f741795d0e0246f1fb3b5,2017-07-19T15:00:15+0000,0,0,0,1
5972aab395d0e0246f1fbc66,2017-07-22T01:30:18+0000,0,1,0,0
59790aef95d0e0246f1fc8c9,2017-07-26T21:34:36+0000,0,0,0,1
5978efc095d0e0246f1fc879,2017-07-26T19:38:28+0000,0,0,0,1
597b2e3595d0e0246f1fcea7,2017-07-28T12:29:27+0000,0,1,0,0
597ae60395d0e0246f1fcde1,2017-07-28T07:21:18+0000,0,1,0,0
5931a19195d0e024b587452e,2017-06-02T17:34:05+0000,0,0,0,1
593058d995d0e024b58741be,2017-06-01T18:11:18+0000,0,1,0,0
593236ba95d0e024b5874672,2017-06-03T04:10:28+0000,0,0,2,0
5936761095d0e024b5874dbe,2017-06-06T09:29:45+0000,0,1,0,0
5935cfdf95d0e024b5874c6f,2017-06-05T21:28:47+0000,0,1,0,0
5939dfc295d0e024b58761af,2017-06-08T23:37:31+0000,0,1,0,0
59397ab095d0e024b5876057,2017-06-08T16:26:17+0000,0,0,1,0
593965f795d0e024b5876010,2017-06-08T14:57:52+0000,1,0,0,0
593ac5c395d0e024b5876434,2017-06-09T15:58:53+0000,0,1,0,0
5941ab3895d0e024b5878081,2017-06-14T21:31:15+0000,0,1,0,0
594136bb95d0e024b5877ee4,2017-06-14T13:14:26+0000,0,1,0,0
5941367695d0e024b5877ee2,2017-06-14T13:13:16+0000,0,1,0,0
59410c0a95d0e024b5877e60,2017-06-14T10:12:20+0000,0,1,0,0
5940fb3495d0e024b5877e2d,2017-06-14T09:00:31+0000,0,1,0,0
59405df295d0e024b5877cf1,2017-06-13T21:49:32+0000,0,2,0,0
593f2f1c95d0e024b58774e1,2017-06-13T00:17:27+0000,0,1,0,0
5943ba3e95d0e024b587860b,2017-06-16T11:00:03+0000,0,1,0,0
5943a37e95d0e024b58785c7,2017-06-16T09:23:03+0000,0,0,0,1
59439e3d95d0e024b58785b9,2017-06-16T09:00:37+0000,1,0,0,0
5943005b95d0e024b5878460,2017-06-15T21:46:59+0000,0,0,2,0
5942c3e195d0e024b5878389,2017-06-15T17:28:59+0000,0,1,0,0
59447e9895d0e024b5878835,2017-06-17T00:57:53+0000,0,0,1,0
594c1c9b95d0e0255099667c,2017-06-22T19:37:54+0000,0,1,0,0
594bfb2595d0e02550996619,2017-06-22T17:15:08+0000,0,1,0,0
594b4eea95d0e02550996410,2017-06-22T05:00:17+0000,0,1,0,0
594a9a4495d0e0255099622c,2017-06-21T16:09:37+0000,0,0,0,1
594a91d295d0e02550996216,2017-06-21T15:33:29+0000,0,1,0,0
594dbe6695d0e02550996b04,2017-06-24T01:20:26+0000,0,2,0,0
594d093e95d0e025509968eb,2017-06-23T12:27:35+0000,0,1,0,0
594cf4d595d0e025509968b1,2017-06-23T11:00:27+0000,0,1,0,0
595196e795d0e0255099710c,2017-06-26T23:20:59+0000,0,1,0,0
5951524195d0e02550997047,2017-06-26T18:28:08+0000,0,1,0,0
5953703395d0e02550997581,2017-06-28T09:00:30+0000,0,0,0,1
595304e695d0e0255099749a,2017-06-28T01:22:33+0000,0,1,0,0
59521ebf95d0e02550997206,2017-06-27T09:00:40+0000,0,0,1,0
59568d3595d0e02550997e36,2017-06-30T17:41:05+0000,0,1,0,0
59564b5b95d0e02550997d5e,2017-06-30T13:00:04+0000,1,0,0,0
59553ed195d0e02550997a93,2017-06-29T17:54:20+0000,0,1,0,0
5a21f48c7c459f246b63867e,2017-12-02T00:32:05+0000,0,1,0,0
5a21d5e97c459f246b63862f,2017-12-01T22:21:16+0000,1,0,0,1
5a2384c57c459f246b63883a,2017-12-03T04:59:41+0000,1,0,2,0
5a28508e7c459f246b6393d1,2017-12-06T20:18:15+0000,0,0,1,0
5a283b557c459f246b639363,2017-12-06T18:47:38+0000,0,0,1,0
5a28305e7c459f246b639338,2017-12-06T18:00:52+0000,0,1,0,0
5a27d8927c459f246b63920c,2017-12-06T11:46:19+0000,0,0,1,0
5a27c6607c459f246b6391d8,2017-12-06T10:28:39+0000,0,0,1,0
5a275a497c459f246b6390e7,2017-12-06T02:47:27+0000,0,0,1,0
5a2737a57c459f246b6390af,2017-12-06T00:19:38+0000,0,0,1,0
5a2691b27c459f246b638e82,2017-12-05T12:31:34+0000,0,1,0,0
5a25fdbb7c459f246b638d03,2017-12-05T02:00:16+0000,0,1,0,0
5a25fd317c459f246b638cff,2017-12-05T01:58:04+0000,0,1,0,0
5a2a62ea7c459f246b639986,2017-12-08T10:01:02+0000,1,0,0,0
5a29fbcf7c459f246b63989d,2017-12-08T02:41:09+0000,0,0,1,0
5a29e3817c459f246b639874,2017-12-08T00:57:20+0000,0,1,0,0
5a29e1ac7c459f246b639870,2017-12-08T00:49:39+0000,1,0,0,0
5a29d0c17c459f246b63983f,2017-12-07T23:37:27+0000,0,0,1,0
5a29c2a57c459f246b639817,2017-12-07T22:37:16+0000,0,0,1,0
5a2997e97c459f246b63979d,2017-12-07T19:34:52+0000,0,1,0,0
5a2d513a7c459f246b639df7,2017-12-10T15:22:24+0000,1,0,0,1
5a2bd06c7c459f246b639c7d,2017-12-09T12:00:30+0000,0,0,1,0
5a302cfe7c459f246b63a599,2017-12-12T19:24:40+0000,0,0,1,0
5a2dcd677c459f246b639eb4,2017-12-11T00:12:08+0000,1,0,0,0
5a32c2b37c459f246b63b131,2017-12-14T18:27:54+0000,0,0,1,0
5a3284077c459f246b63b012,2017-12-14T14:00:28+0000,0,0,0,1
5a316bfa7c459f246b63a8cc,2017-12-13T18:05:34+0000,0,0,2,0
5a3158ce7c459f246b63a888,2017-12-13T16:43:51+0000,0,0,1,0
5a3124747c459f246b63a7db,2017-12-13T13:00:26+0000,1,0,1,0
5a30ec937c459f246b63a731,2017-12-13T09:00:55+0000,2,0,0,2
5a30de727c459f246b63a70e,2017-12-13T08:01:13+0000,2,0,0,2
5a3517c77c459f246b63b66d,2017-12-16T12:55:25+0000,0,0,1,0
5a34fcde7c459f246b63b659,2017-12-16T11:00:24+0000,1,0,0,0
5a3428027c459f246b63b504,2017-12-15T19:52:26+0000,0,0,0,1
5a36f49a7c459f246b63b884,2017-12-17T22:49:54+0000,1,0,0,0
5a36e9097c459f246b63b86f,2017-12-17T22:00:33+0000,0,0,1,0
5a365c647c459f246b63b7bf,2017-12-17T12:00:27+0000,1,0,0,1
