news date,occurrence of hurricane,occurrence of irma,occurrence of harvey,occurrence of maria
2017-12-07,0,1,0,0
2017-12-08,0,1,0,0
2017-12-08,0,0,3,0
2017-12-08,0,0,1,0
2017-12-08,0,1,0,0
2017-12-08,0,1,0,0
2017-12-07,0,0,1,0
2017-10-17,0,1,0,0
2017-10-17,0,0,2,0
2017-10-17,0,0,2,0
2017-10-17,1,0,0,0
2017-10-17,0,0,0,1
2017-10-17,0,0,0,1
2017-10-17,0,0,1,0
2017-10-17,1,0,0,0
2017-10-17,0,1,0,0
2017-10-17,0,0,0,1
2017-10-17,0,1,0,0
2017-10-31,0,3,0,0
2017-10-31,1,4,0,0
2017-10-31,0,2,0,0
2017-10-31,0,0,1,0
2017-03-02,0,4,0,0
2017-10-31,0,0,1,0
2017-10-31,0,0,0,1
2017-10-31,0,0,1,0
2017-10-31,0,2,0,0
2017-10-31,0,0,3,0
2017-10-31,7,4,0,1
2017-10-31,0,1,0,0
2017-08-12,0,1,0,0
2017-08-12,0,1,0,0
2017-08-12,0,1,0,0
2017-08-12,0,6,0,0
2017-08-12,0,0,0,3
2017-12-13,2,1,1,1
2017-12-13,0,0,0,8
2017-12-13,0,1,0,0
2017-12-13,0,0,1,0
2017-12-13,0,1,0,0
2017-07-23,0,1,0,0
2017-07-23,0,1,0,0
2017-10-08,0,0,1,0
2017-10-08,0,0,0,1
2017-10-08,0,0,1,0
2017-12-21,0,0,0,9
2017-12-21,0,5,0,0
2017-12-21,0,1,0,0
2017-12-21,0,2,0,0
2017-08-05,0,1,0,1
2017-08-05,0,0,1,0
2017-09-30,0,0,0,1
2017-09-30,0,0,0,1
2017-09-29,0,2,0,0
2017-10-09,0,1,0,0
2017-10-09,0,1,0,0
2017-10-09,0,0,0,1
2017-10-09,1,0,0,0
2017-10-09,0,0,0,1
2017-10-09,0,1,0,0
2017-10-09,0,0,1,0
2017-07-20,0,1,0,0
2017-07-20,0,0,0,1
2017-07-20,0,0,0,3
2017-07-20,0,1,0,0
2017-11-09,0,1,0,0
2017-11-09,0,0,0,3
2017-10-04,4,0,0,4
2017-10-04,0,1,0,0
2017-10-04,0,0,0,1
2017-10-04,0,1,0,0
2017-10-04,0,1,0,0
2017-10-04,0,1,0,0
2017-10-04,0,2,0,0
2017-10-04,0,2,0,0
2017-08-04,0,0,0,1
2017-08-03,0,0,0,1
2017-12-22,0,0,0,1
2017-12-22,0,0,0,2
2017-12-22,0,0,0,1
2017-12-22,0,0,0,1
2017-12-22,0,0,0,1
2017-12-22,0,0,0,2
2017-12-22,0,0,1,0
2017-12-22,0,1,0,0
2017-07-15,0,1,0,0
2017-07-15,0,0,0,1
2017-07-15,0,2,0,0
2017-07-15,0,1,0,0
2017-07-15,0,2,0,0
2017-07-15,0,0,0,1
2017-10-17,0,1,0,0
2017-10-17,0,0,0,1
2017-10-17,1,1,0,0
2017-10-17,0,0,1,0
2017-10-16,1,1,0,0
2017-10-17,0,0,2,0
2017-10-17,0,1,0,0
2017-10-17,0,0,1,0
2017-10-17,0,1,0,0
2017-10-17,0,0,1,0
2017-12-12,0,1,0,0
2017-12-12,0,2,0,0
2017-12-12,0,0,0,3
2017-12-12,1,0,0,1
2017-08-14,0,1,0,0
2017-08-14,1,0,0,0
2017-08-14,0,1,0,0
2017-08-14,0,1,0,0
2017-08-14,0,2,0,0
2017-10-29,0,0,0,1
2017-10-29,0,1,0,0
2017-10-29,0,0,2,0
2017-10-28,11,3,0,3
2017-10-28,0,0,0,1
2017-10-28,0,0,1,0
2017-09-21,0,1,0,0
2017-09-21,0,1,0,0
2017-09-21,0,0,0,1
2017-09-21,0,1,0,0
2017-09-21,0,0,0,1
2017-09-21,7,4,0,5
2017-09-21,0,1,0,0
2017-09-21,0,1,0,5
2017-09-21,0,1,0,0
2017-09-21,0,0,0,2
2017-09-21,0,0,0,1
2017-08-20,0,0,0,1
2017-08-20,0,1,0,0
2017-08-20,0,2,0,0
2017-08-20,0,1,0,0
2017-08-20,0,1,0,0
2017-08-20,0,0,0,2
2017-08-20,0,1,0,0
2017-08-20,0,1,0,0
2017-09-25,2,0,5,1
2017-09-25,0,1,0,0
2017-09-25,4,2,0,2
2017-09-25,0,1,0,0
2017-09-25,0,1,0,0
2017-11-29,0,0,1,0
2017-11-29,0,1,0,0
2017-11-29,0,0,0,1
2017-11-29,0,0,1,0
2017-11-29,0,1,0,0
2017-08-25,5,0,5,0
2017-08-25,0,3,0,0
2017-11-01,0,0,1,0
2017-11-01,0,1,0,0
2017-11-01,0,1,0,0
2017-11-01,0,0,1,0
2017-11-01,2,0,0,0
2017-11-01,0,0,1,0
2017-11-01,0,0,10,0
2017-11-01,0,1,0,0
2017-11-01,0,0,3,0
2017-08-17,0,0,0,1
2017-08-17,0,0,0,1
2017-08-18,0,1,0,0
2017-08-18,0,0,1,0
2017-08-18,1,0,0,0
2017-08-18,0,1,0,0
2017-09-18,1,0,0,0
2017-09-18,0,0,0,3
2017-09-18,1,2,0,0
2017-09-18,0,1,0,0
2017-09-07,0,0,1,0
2017-09-07,0,1,0,0
2017-09-07,0,1,0,0
2017-09-06,10,10,0,0
2017-09-07,0,1,0,0
2017-09-07,6,4,0,0
2017-11-20,0,1,0,0
2017-11-20,0,1,0,0
2017-11-20,0,1,0,0
2017-11-20,0,0,0,1
2017-11-20,0,2,0,0
2017-11-20,0,2,0,0
2017-12-29,0,1,0,0
2017-12-30,0,0,0,2
2017-12-29,0,1,0,0
2017-12-29,0,1,0,0
2017-12-29,0,1,0,0
2017-12-29,0,2,0,0
2017-12-29,0,0,1,0
2017-12-29,0,1,0,0
2017-12-29,0,0,0,1
2017-11-16,0,1,0,0
2017-11-16,0,0,1,0
2017-11-16,0,0,1,0
2017-11-16,0,0,0,1
2017-11-16,0,1,0,0
2017-11-16,0,0,1,0
2017-11-16,0,0,0,1
2017-11-16,0,0,0,1
2017-09-16,0,1,0,0
2017-09-16,1,0,0,0
2017-09-16,1,1,0,0
2017-09-16,6,2,0,0
2017-09-16,0,1,0,0
2017-09-16,0,0,0,1
2017-11-21,4,2,2,0
2017-11-21,0,0,0,1
2017-11-21,0,1,0,0
2017-11-21,1,1,0,0
2017-09-03,0,0,0,4
2017-09-03,0,0,0,2
2017-09-03,0,0,1,1
2017-09-03,0,1,0,0
2017-09-03,6,0,6,0
2017-11-10,0,0,1,0
2017-11-10,0,0,0,1
2017-11-10,0,0,1,0
2017-11-09,0,2,0,0
2017-11-09,0,2,0,0
2017-11-10,0,1,0,0
2017-08-09,0,1,0,0
2017-08-09,0,0,2,0
2017-08-09,0,1,0,0
2017-08-09,0,1,0,0
2017-08-09,0,0,0,1
2017-08-09,0,3,0,0
2017-09-27,0,0,0,1
2017-09-27,0,2,0,0
2017-09-27,1,1,0,1
2017-09-27,2,0,1,0
2017-09-27,0,1,0,0
2017-09-26,0,0,0,1
2017-09-26,0,1,0,0
2017-09-26,0,0,0,1
2017-09-26,0,1,0,0
2017-09-26,0,1,0,0
2017-09-26,0,0,0,1
2017-09-26,0,1,0,0
2017-08-29,0,3,0,0
2017-08-29,0,0,3,0
2017-08-29,0,1,0,0
2017-08-29,0,0,3,0
2017-08-29,1,0,2,0
2017-08-29,1,0,1,0
2017-08-29,0,1,0,0
2017-08-29,0,0,1,0
2017-08-29,1,0,0,0
2017-08-29,17,0,15,0
2017-08-29,12,0,8,0
2017-08-29,0,0,0,1
2017-08-29,0,0,0,1
2017-11-29,0,3,0,0
2017-11-29,0,1,0,0
2017-11-29,0,0,1,0
2017-11-29,0,1,0,0
2017-11-28,0,1,0,0
2017-11-29,0,0,0,2
2017-11-26,0,1,0,0
2017-11-26,0,0,0,1
2017-09-08,0,1,0,0
2017-09-08,0,1,0,0
2017-09-07,0,1,0,0
2017-09-07,2,1,1,0
2017-09-07,1,0,1,0
2017-09-07,3,3,0,0
2017-09-07,1,0,0,0
2017-09-07,0,1,0,0
2017-09-07,8,10,0,0
2017-09-07,0,1,0,0
2017-09-07,2,0,3,0
2017-09-07,0,1,0,0
2017-09-07,0,2,0,0
2017-09-20,2,0,0,0
2017-09-21,0,1,0,0
2017-09-20,0,0,0,1
2017-10-27,0,0,0,1
2017-10-27,0,0,1,0
2017-10-27,1,0,0,0
2017-10-27,0,0,0,1
2017-10-27,0,0,0,1
2017-10-27,0,0,5,0
2017-10-27,0,0,1,0
2017-10-27,10,3,3,0
2017-10-18,0,0,0,1
2017-10-27,1,1,0,0
2017-12-08,0,1,0,0
2017-12-08,0,2,0,0
2017-12-08,0,6,0,1
2017-12-08,0,1,0,0
2017-09-02,0,1,0,0
2017-09-02,0,2,0,0
2017-09-02,0,0,0,1
2017-09-02,0,1,0,0
2017-09-02,0,1,0,0
2017-09-02,8,0,4,0
2017-09-02,1,0,1,0
2017-09-02,0,0,0,1
2017-09-02,0,2,0,0
2017-12-03,0,0,1,0
2017-12-03,0,1,0,0
2017-12-03,0,0,1,0
2017-12-03,1,0,0,0
2017-10-01,2,0,0,5
2017-09-30,0,2,0,0
2017-07-31,0,0,1,0
2017-07-31,0,1,0,0
2017-07-31,0,1,0,0
2017-07-31,0,0,1,0
2017-11-06,0,2,0,0
2017-11-06,0,0,2,0
2017-11-06,0,0,0,1
2017-11-05,0,3,0,0
2017-11-06,0,1,0,0
2017-10-03,0,1,0,0
2017-10-03,1,1,0,0
2017-10-03,0,1,0,0
2017-10-03,0,0,0,1
2017-10-03,0,0,0,3
2017-08-04,0,1,0,0
2017-08-04,0,1,0,0
2017-08-04,0,1,0,0
2017-08-04,0,1,0,0
2017-08-04,0,1,0,0
2017-08-04,0,3,0,0
2017-08-04,0,1,0,0
2017-12-04,0,0,1,0
2017-12-04,0,2,0,0
2017-12-04,0,1,0,0
2017-12-04,0,0,1,0
2017-12-04,0,1,0,0
2017-12-04,0,1,0,0
2017-12-04,0,0,0,1
2017-08-30,0,1,0,0
2017-08-30,0,1,0,0
2017-08-30,1,0,3,0
2017-08-30,0,1,0,0
2017-08-30,0,1,0,0
2017-08-29,13,0,47,0
2017-08-30,1,0,2,0
2017-09-29,0,0,1,0
2017-09-29,0,1,0,0
2017-07-30,0,0,0,1
2017-07-30,0,1,0,0
2017-07-30,1,0,0,0
2017-07-30,0,1,0,0
2017-10-05,0,2,0,0
2017-10-05,0,1,0,0
2017-10-05,0,0,2,0
2017-09-11,7,7,0,0
2017-09-11,0,1,0,0
2017-09-11,9,8,1,0
2017-09-11,0,1,0,0
2017-09-11,3,1,0,0
2017-09-11,0,0,0,1
2017-09-11,6,4,0,0
2017-09-11,2,0,2,0
2017-09-11,1,2,0,0
2017-09-11,1,1,0,0
2017-11-23,0,2,0,0
2017-11-24,0,1,0,0
2017-11-24,0,0,1,0
2017-11-24,0,0,1,0
2017-11-24,1,0,0,0
2017-09-22,0,1,0,0
2017-09-22,2,1,0,0
2017-09-22,0,0,0,3
2017-09-22,6,9,3,3
2017-09-22,0,1,0,0
2017-09-22,0,0,0,1
2017-12-07,0,1,0,0
2017-12-07,0,0,1,0
2017-12-06,0,1,0,0
2017-12-07,0,1,0,0
2017-10-24,0,1,0,0
2017-10-24,0,1,0,0
2017-10-24,0,0,0,1
2017-10-24,0,0,1,0
2017-10-24,0,0,0,1
2017-10-24,0,1,0,0
2017-10-28,0,0,1,0
2017-10-27,0,0,1,0
2017-10-27,0,0,0,1
2017-10-27,0,1,0,0
2017-10-27,0,1,0,0
2017-10-27,0,0,1,0
2017-10-27,0,0,1,0
2017-08-13,0,1,0,0
2017-08-13,0,0,0,1
2017-08-13,0,0,2,0
2017-08-13,0,1,0,0
2017-08-13,1,0,0,0
2017-08-13,1,0,0,0
2017-08-13,0,1,0,0
2017-08-13,0,0,0,1
2017-08-21,0,1,0,0
2017-08-21,1,0,0,0
2017-08-21,0,1,0,0
2017-11-13,0,2,0,0
2017-11-14,0,0,1,0
2017-11-14,0,0,1,0
2017-11-13,0,1,0,0
2017-11-13,0,1,0,0
2017-11-14,0,1,0,0
2017-11-14,0,1,0,0
2017-11-14,0,0,1,0
2017-08-08,0,1,0,0
2017-08-08,0,1,0,0
2017-08-08,0,1,0,0
2017-08-08,0,0,1,0
2017-08-08,1,0,0,0
2017-08-08,0,0,0,1
2017-10-13,0,0,0,1
2017-10-13,0,0,2,0
2017-10-13,0,0,0,1
2017-10-13,0,0,0,1
2017-10-12,0,0,3,0
2017-10-12,0,0,3,0
2017-10-12,0,0,1,0
2017-10-13,0,1,0,0
2017-07-24,0,0,1,0
2017-07-24,0,1,0,0
2017-07-24,0,1,0,0
2017-11-15,0,1,0,0
2017-11-15,0,0,0,1
2017-11-15,0,0,1,0
2017-11-15,0,1,0,0
2017-11-15,0,0,2,0
2017-11-15,0,1,0,0
2017-11-15,0,1,0,0
2017-11-15,2,0,0,0
2017-11-15,0,1,0,0
2017-11-15,2,1,0,0
2017-09-17,0,1,0,0
2017-09-17,1,0,0,0
2017-09-17,0,1,0,0
2017-09-17,0,1,0,0
2017-09-17,0,1,0,0
2017-09-14,0,1,0,0
2017-09-14,1,2,0,0
2017-12-17,0,1,0,0
2017-12-16,0,1,0,0
2017-12-16,0,0,1,0
2017-12-16,0,1,0,0
2017-12-16,0,1,0,0
2017-12-16,1,0,0,0
2017-12-16,0,0,0,1
2017-12-16,0,0,0,1
2017-12-16,0,1,0,0
2017-12-16,0,3,0,0
2017-08-19,0,2,0,0
2017-08-19,0,1,0,0
2017-08-18,0,1,0,11
2017-08-19,0,1,0,0
2017-08-19,0,2,0,0
2017-08-19,0,1,0,0
2017-08-18,0,0,0,1
2017-08-18,0,1,0,0
2017-08-18,0,1,0,0
2017-08-18,0,0,0,1
2017-08-18,0,1,0,0
2017-11-02,0,0,1,0
2017-11-02,0,1,0,0
2017-11-02,0,2,0,0
2017-11-02,0,0,17,0
2017-11-02,0,1,0,0
2017-11-02,0,1,0,0
2017-11-02,0,2,0,0
2017-07-19,0,1,0,0
2017-07-19,0,1,0,0
2017-07-19,0,0,0,1
2017-07-19,0,1,0,0
2017-10-21,0,1,0,0
2017-10-20,0,1,0,0
2017-10-20,0,0,1,0
2017-10-20,1,0,0,0
2017-10-20,0,1,0,0
2017-10-20,0,0,1,0
2017-10-20,0,1,0,0
2017-10-20,0,0,1,0
2017-11-17,0,0,0,1
2017-11-17,0,1,0,0
2017-11-17,0,1,1,1
2017-11-17,0,1,0,0
2017-11-17,0,0,1,0
2017-09-13,0,1,0,3
2017-09-13,4,2,0,0
2017-09-13,0,1,0,0
2017-09-12,1,1,1,0
2017-09-13,0,3,0,0
2017-09-12,0,1,0,0
2017-11-05,0,0,1,0
2017-11-05,2,1,0,0
2017-11-05,0,1,0,0
2017-11-05,0,0,1,0
2017-11-05,0,0,0,1
2017-11-04,0,1,0,0
2017-11-04,0,1,0,0
2017-08-17,0,1,0,0
2017-08-17,0,2,0,1
2017-08-17,0,1,0,0
2017-12-17,1,0,0,0
2017-12-17,0,0,1,0
2017-12-17,0,1,1,1
2017-12-17,0,4,0,0
2017-12-17,0,0,1,0
2017-12-17,0,0,1,0
2017-10-22,0,0,0,1
2017-10-22,4,1,1,1
2017-10-21,0,0,0,1
2017-07-16,0,0,1,0
2017-07-16,0,0,0,1
2017-08-24,0,0,0,1
2017-08-24,0,1,0,0
2017-08-24,0,1,0,0
2017-08-24,0,2,0,0
2017-08-24,0,1,0,0
2017-08-24,0,0,0,1
2017-09-26,0,0,1,1
2017-09-26,0,1,0,0
2017-09-26,0,0,0,1
2017-09-26,0,0,0,1
2017-09-26,0,1,0,0
2017-12-28,0,1,0,0
2017-12-29,0,1,0,0
2017-08-10,0,0,0,1
2017-08-10,0,1,0,0
2017-08-10,0,1,0,1
2017-08-10,0,0,0,1
2017-11-11,0,0,0,3
2017-11-11,1,0,0,0
2017-11-11,0,0,0,1
2017-11-10,0,1,0,0
2017-11-10,0,0,1,0
2017-11-10,0,1,0,0
2017-07-28,0,4,0,0
2017-07-28,0,1,0,0
2017-10-12,0,0,0,2
2017-10-12,0,1,0,0
2017-10-12,0,0,0,2
2017-10-12,0,0,0,1
2017-10-12,0,1,0,0
2017-10-12,0,0,1,0
2017-10-12,0,0,0,1
2017-12-29,0,0,1,0
2017-12-29,0,0,0,1
2017-12-29,0,0,1,0
2017-12-29,0,0,1,0
2017-12-29,0,0,1,0
2017-08-10,1,0,0,0
2017-11-10,0,0,1,0
2017-11-10,0,0,1,0
2017-07-28,0,1,0,0
2017-07-28,0,1,0,0
2017-10-12,0,1,0,0
2017-10-12,0,0,0,1
2017-10-12,0,0,6,0
2017-10-12,0,0,5,0
2017-10-12,0,0,1,0
2017-10-11,1,0,0,0
2017-10-12,0,1,0,0
2017-10-12,0,0,5,0
2017-10-12,6,1,0,3
2017-08-24,0,1,0,0
2017-08-24,1,0,0,0
2017-08-24,1,0,0,0
2017-08-24,4,0,0,0
2017-08-24,0,0,0,1
2017-08-24,0,1,0,0
2017-08-24,0,0,0,3
2017-09-26,0,1,0,0
2017-09-25,0,1,0,0
2017-09-25,1,1,0,1
2017-11-05,0,0,0,1
2017-11-05,0,2,0,0
2017-11-05,0,0,0,1
2017-11-05,0,1,0,0
2017-11-05,0,0,1,0
2017-11-05,0,0,1,0
2017-11-05,0,0,1,0
2017-11-05,1,1,0,0
2017-11-05,0,1,0,0
2017-08-17,0,2,0,0
2017-08-17,0,1,0,0
2017-08-17,0,1,0,0
2017-08-17,0,1,0,0
2017-08-17,0,1,0,0
2017-12-17,0,1,0,0
2017-12-17,0,2,0,0
2017-12-17,1,0,0,0
2017-12-17,3,0,0,0
2017-12-17,0,0,0,2
2017-10-21,0,0,0,1
2017-10-21,0,0,2,0
2017-10-21,0,1,0,0
2017-10-21,0,0,0,1
2017-10-21,0,0,3,0
2017-10-21,0,1,1,0
2017-10-21,0,1,0,0
2017-10-21,0,0,3,2
2017-10-21,0,2,0,0
2017-10-21,0,1,0,0
2017-07-16,0,1,0,0
2017-07-16,0,1,0,0
2017-07-16,0,2,0,0
2017-07-16,0,0,0,1
2017-07-16,0,1,0,0
2017-07-15,2,0,0,0
2017-11-17,1,0,0,0
2017-11-17,0,1,0,0
2017-11-17,0,2,0,0
2017-11-17,0,0,1,0
2017-09-13,0,1,0,0
2017-09-13,8,5,0,0
2017-09-13,0,2,0,0
2017-09-12,0,1,0,0
2017-09-13,0,0,0,1
2017-09-13,0,1,0,0
2017-09-13,1,1,0,0
2017-09-13,1,1,1,0
2017-09-13,6,3,0,0
2017-09-13,0,1,0,1
2017-12-16,0,1,0,0
2017-12-15,0,1,5,0
2017-12-16,0,1,0,0
2017-12-16,0,1,0,0
2017-12-16,0,1,0,0
2017-08-19,0,1,0,0
2017-08-19,0,3,0,0
2017-08-19,0,1,0,0
2017-11-02,0,2,0,0
2017-11-02,0,0,1,0
2017-11-02,0,0,0,1
2017-11-02,0,0,0,2
2017-07-19,0,2,0,0
2017-07-19,0,1,0,0
2017-07-19,0,2,0,0
2017-07-19,0,1,0,0
2017-07-19,0,2,0,0
2017-10-20,0,0,2,0
2017-10-20,2,0,0,0
2017-10-20,8,3,3,2
2017-10-20,0,0,0,1
2017-10-20,0,4,0,0
2017-10-20,0,0,0,1
2017-10-20,0,0,3,0
2017-10-20,0,0,1,0
2017-10-20,0,0,3,0
2017-10-20,0,1,0,1
2017-10-20,0,0,0,1
2017-11-16,0,1,0,0
2017-11-16,1,0,0,2
2017-11-16,0,1,0,0
2017-11-16,0,0,0,1
2017-11-15,0,1,0,0
2017-11-15,0,4,0,0
2017-11-15,0,0,1,0
2017-11-15,0,1,0,0
2017-09-17,1,0,0,0
2017-09-18,0,1,0,0
2017-09-17,0,1,0,0
2017-09-17,3,1,0,0
2017-09-13,2,1,1,0
2017-09-13,0,1,0,0
2017-09-13,1,3,2,0
2017-09-13,0,1,1,0
2017-09-13,9,4,0,0
2017-09-13,0,1,0,0
2017-09-13,5,5,0,0
2017-09-13,0,2,0,0
2017-11-13,0,0,1,0
2017-11-13,0,0,0,1
2017-11-13,0,1,0,0
2017-11-13,0,0,0,3
2017-11-13,0,3,0,0
2017-08-08,0,0,1,0
2017-08-08,0,1,0,0
2017-08-08,0,1,0,0
2017-10-12,0,0,2,0
2017-10-13,0,1,0,0
2017-10-13,0,1,0,0
2017-10-13,0,0,4,0
2017-10-13,0,3,0,0
2017-10-13,0,0,3,0
2017-10-13,0,0,5,0
2017-10-13,0,0,3,0
2017-10-13,0,0,3,0
2017-10-13,1,0,0,0
2017-07-25,0,0,1,0
2017-07-25,0,1,0,0
2017-07-24,0,1,0,0
2017-07-24,0,1,0,0
2017-08-21,0,1,0,0
2017-08-21,0,1,0,0
2017-08-21,0,1,0,0
2017-08-21,0,0,1,0
2017-12-07,0,1,0,0
2017-12-07,0,2,0,0
2017-12-07,0,1,0,0
2017-12-07,0,1,0,0
2017-12-07,0,3,0,0
2017-10-24,0,1,0,0
2017-10-24,0,1,0,0
2017-10-24,0,0,1,0
2017-10-28,0,0,2,0
2017-10-28,0,0,0,4
2017-10-28,0,0,1,0
2017-10-28,0,1,0,0
2017-10-28,1,0,1,0
2017-10-28,10,0,1,1
2017-08-14,0,1,0,0
2017-08-14,0,1,0,0
2017-08-14,0,0,1,0
2017-08-14,0,0,1,0
2017-08-14,0,2,0,0
2017-09-11,0,1,0,0
2017-09-11,1,0,0,0
2017-09-11,5,4,0,0
2017-09-10,6,9,0,0
2017-09-10,1,3,0,0
2017-09-10,0,2,0,0
2017-09-11,0,1,0,0
2017-09-11,5,5,0,0
2017-09-11,0,2,0,0
2017-11-24,1,0,0,0
2017-11-24,0,0,0,1
2017-11-24,0,0,1,0
2017-11-24,0,1,0,0
2017-09-22,0,0,0,1
2017-09-22,0,0,0,1
2017-09-22,0,1,0,2
2017-09-22,0,0,0,1
2017-09-22,0,1,0,0
2017-07-30,0,3,0,0
2017-07-30,0,1,0,0
2017-07-30,0,0,1,0
2017-07-30,0,0,1,0
2017-10-04,0,0,0,2
2017-10-04,0,0,1,0
2017-10-05,0,2,0,0
2017-10-04,1,0,0,0
2017-10-05,0,1,0,0
2017-12-04,0,1,0,0
2017-12-04,0,1,0,0
2017-08-30,0,1,0,0
2017-08-30,0,1,0,0
2017-08-30,0,1,0,0
2017-08-30,2,0,3,0
2017-08-30,0,1,2,0
2017-08-30,0,0,0,1
2017-08-29,2,0,8,0
2017-08-30,0,0,8,0
2017-08-30,0,0,0,1
2017-08-30,0,1,0,0
2017-09-29,0,1,0,0
2017-09-29,0,1,0,0
2017-09-29,0,0,0,1
2017-09-29,1,0,0,2
2017-09-28,0,2,1,1
2017-09-29,0,1,0,0
2017-09-29,0,0,1,0
2017-07-31,0,4,0,0
2017-07-31,0,0,0,1
2017-07-31,0,1,0,0
2017-07-31,0,1,0,0
2017-07-31,0,1,0,0
2017-11-05,0,2,0,0
2017-10-02,6,2,0,0
2017-10-03,0,0,0,2
2017-10-03,0,1,0,0
2017-10-03,0,0,0,1
2017-08-04,0,1,0,0
2017-08-04,0,3,0,0
2017-08-04,0,1,0,0
2017-08-04,0,1,0,0
2017-08-04,0,5,0,0
2017-09-02,0,0,0,2
2017-09-02,2,0,2,0
2017-09-02,5,0,3,0
2017-09-02,0,0,0,1
2017-12-03,0,0,1,0
2017-12-03,0,1,0,0
2017-12-03,0,3,0,0
2017-12-03,0,1,0,0
2017-12-03,0,0,0,4
2017-12-03,0,1,0,0
2017-09-30,0,0,0,1
2017-09-30,0,0,0,1
2017-09-30,0,0,0,5
2017-10-27,7,2,3,0
2017-10-27,0,0,1,0
2017-10-27,0,2,0,0
2017-10-27,0,0,0,2
2017-10-27,0,0,1,0
2017-12-09,0,0,0,3
2017-12-09,0,1,0,0
2017-12-09,0,2,0,0
2017-12-09,0,1,0,0
2017-11-25,0,1,0,0
2017-11-25,0,1,0,0
2017-11-25,0,1,0,0
2017-11-25,0,0,0,1
2017-11-25,0,0,1,0
2017-09-07,1,0,1,0
2017-09-07,0,1,0,0
2017-09-07,3,1,0,0
2017-09-07,1,1,0,0
2017-09-07,0,0,1,0
2017-09-07,0,1,0,0
2017-09-07,0,1,0,0
2017-09-07,13,16,0,0
2017-09-07,1,0,1,0
2017-09-07,11,4,0,0
2017-09-07,0,0,0,1
2017-09-07,1,0,1,0
2017-09-21,0,1,0,0
2017-09-21,0,0,0,1
2017-09-21,10,0,0,4
2017-09-19,4,0,0,3
2017-09-20,12,2,0,6
2017-09-21,2,1,0,5
2017-09-26,7,2,2,3
2017-09-26,1,0,0,0
2017-09-26,0,1,0,0
2017-09-26,0,1,0,0
2017-09-26,0,2,0,0
2017-09-26,0,1,0,0
2017-09-26,0,1,6,0
2017-09-26,0,1,0,0
2017-09-26,0,0,0,1
2017-08-29,0,0,2,0
2017-08-29,3,0,6,0
2017-08-29,0,1,0,0
2017-08-29,0,1,0,0
2017-08-29,0,1,0,0
2017-08-29,0,2,2,2
2017-08-29,2,1,4,0
2017-08-29,0,0,0,2
2017-08-29,6,0,8,0
2017-11-29,0,1,0,0
2017-11-29,0,1,0,0
2017-11-29,0,1,0,0
2017-11-29,0,1,0,0
2017-11-29,0,1,0,0
2017-11-10,0,1,0,0
2017-11-10,0,0,1,0
2017-11-10,0,1,0,0
2017-11-10,0,2,0,0
2017-11-10,0,1,0,0
2017-11-10,0,0,1,0
2017-11-10,0,1,0,0
2017-11-10,3,0,0,4
2017-11-10,0,0,0,1
2017-08-09,0,0,0,1
2017-08-09,0,1,0,0
2017-08-09,0,3,0,0
2017-11-16,0,1,1,0
2017-11-16,0,0,0,1
2017-11-16,0,1,0,0
2017-11-16,2,1,0,0
2017-11-16,0,1,0,0
2017-09-17,1,0,0,1
2017-09-17,0,0,0,12
2017-09-16,10,5,0,0
2017-09-16,0,1,0,0
2017-09-16,0,1,0,0
2017-09-16,1,1,2,0
2017-09-16,0,2,0,1
2017-09-16,0,0,0,1
2017-11-21,0,2,0,0
2017-11-21,0,1,0,0
2017-11-17,0,1,0,0
2017-11-21,0,0,1,0
2017-11-21,0,0,3,0
2017-09-03,0,0,1,0
2017-09-03,2,0,2,0
2017-12-30,0,0,0,1
2017-12-30,0,1,1,0
2017-12-30,0,1,0,0
2017-12-30,0,1,0,0
2017-12-30,0,1,0,0
2017-12-30,0,1,0,0
2017-09-18,0,0,1,0
2017-09-18,0,1,0,0
2017-09-07,0,1,0,0
2017-09-07,0,1,0,0
2017-09-06,0,0,1,0
2017-09-06,0,0,0,1
2017-09-06,7,4,0,0
2017-09-06,1,0,1,0
2017-09-06,0,0,0,1
2017-09-06,3,4,0,0
2017-11-20,2,3,0,0
2017-11-20,0,3,0,0
2017-11-20,0,0,1,0
2017-11-20,0,2,0,0
2017-11-20,0,1,0,0
2017-11-01,2,0,0,0
2017-11-01,0,0,0,1
2017-11-01,0,1,0,0
2017-11-01,0,1,0,0
2017-08-18,0,0,0,1
2017-08-18,0,0,0,1
2017-08-18,0,2,0,0
2017-08-20,0,0,0,1
2017-08-20,1,0,0,0
2017-08-20,0,2,0,0
2017-08-20,0,1,0,0
2017-08-20,0,0,0,1
2017-08-20,0,0,1,0
2017-09-25,0,1,0,0
2017-09-25,0,0,0,1
2017-09-25,0,1,0,0
2017-09-25,0,1,0,0
2017-09-25,1,0,1,0
2017-09-25,0,1,0,0
2017-09-25,4,0,2,0
2017-11-29,0,1,0,0
2017-11-30,0,1,0,0
2017-11-30,0,2,0,0
2017-11-30,0,0,1,0
2017-11-30,0,1,0,0
2017-08-25,0,0,0,4
2017-08-25,0,1,0,0
2017-08-25,0,1,0,0
2017-09-21,2,0,1,0
2017-09-21,0,1,0,0
2017-09-21,1,0,0,0
2017-09-21,10,7,0,9
2017-09-21,1,0,0,0
2017-09-21,0,1,0,0
2017-10-16,20,0,0,0
2017-10-16,0,2,0,0
2017-10-16,0,1,0,0
2017-10-16,0,0,2,0
2017-10-16,0,1,0,0
2017-12-12,0,0,1,0
2017-12-12,0,0,2,0
2017-12-12,0,1,0,0
2017-12-12,0,0,0,1
2017-08-14,0,1,0,0
2017-08-14,0,2,0,0
2017-08-14,0,1,0,0
2017-10-29,0,0,2,0
2017-10-29,0,1,0,0
2017-10-29,0,0,0,1
2017-10-28,0,1,0,0
2017-10-29,0,1,0,0
2017-10-29,0,0,0,1
2017-10-29,0,0,0,1
2017-10-29,0,1,0,0
2017-10-09,0,0,0,1
2017-10-09,2,0,1,0
2017-07-20,0,3,0,0
2017-07-20,0,1,0,0
2017-11-09,0,1,0,0
2017-11-09,0,0,0,1
2017-11-09,1,0,1,0
2017-11-09,0,1,0,0
2017-11-09,1,0,0,0
2017-11-09,0,0,1,0
2017-10-04,0,0,0,1
2017-10-04,3,0,0,2
2017-10-03,6,1,1,1
2017-10-04,0,1,0,0
2017-10-04,0,2,0,0
2017-10-04,0,0,0,2
2017-08-03,0,1,0,0
2017-08-03,0,1,0,0
2017-08-03,0,1,0,0
2017-08-03,0,1,0,0
2017-08-03,0,1,0,0
2017-08-03,0,1,0,0
2017-12-23,0,0,1,0
2017-12-23,0,1,0,0
2017-12-23,0,0,1,0
2017-09-29,1,0,0,1
2017-09-29,5,0,0,1
2017-09-29,0,1,0,0
2017-09-29,0,1,0,0
2017-09-29,1,0,0,0
2017-09-29,0,1,0,0
2017-07-24,0,1,0,0
2017-07-23,0,1,0,0
2017-07-24,0,0,1,0
2017-10-08,2,9,0,7
2017-10-08,1,1,0,0
2017-10-08,1,0,0,0
2017-12-21,0,0,0,2
2017-12-22,0,1,0,0
2017-12-22,0,0,1,0
2017-12-22,0,1,0,0
2017-12-22,0,0,0,1
2017-12-22,0,0,0,1
2017-12-22,0,1,0,0
2017-12-22,0,1,0,0
2017-12-22,0,1,0,0
2017-08-05,0,1,0,0
2017-08-05,0,1,0,0
2017-08-05,0,1,1,0
2017-08-05,0,1,0,0
2017-08-05,0,2,0,0
2017-08-05,0,1,0,0
2017-08-05,0,1,0,0
2017-11-07,0,0,2,0
2017-12-08,0,0,15,0
2017-12-08,0,2,0,0
2017-12-08,1,0,0,0
2017-12-08,0,0,0,3
2017-12-08,0,0,0,1
2017-12-08,0,0,2,0
2017-10-17,0,0,1,0
2017-10-17,2,0,0,1
2017-10-17,0,1,0,0
2017-10-17,3,2,1,0
2017-10-17,2,1,0,0
2017-10-17,1,0,0,0
2017-10-17,0,3,0,0
2017-10-17,0,1,0,0
2017-10-31,0,1,0,0
2017-10-31,0,0,2,0
2017-10-31,0,0,0,4
2017-10-31,0,0,1,0
2017-10-31,0,1,0,0
2017-10-31,0,1,0,0
2017-10-31,0,0,1,0
2017-10-31,0,1,0,0
2017-10-31,0,0,0,1
2017-12-13,0,0,0,1
2017-12-13,0,1,0,0
2017-12-13,0,1,0,0
2017-12-13,0,0,1,0
2017-12-12,0,0,0,1
2017-11-27,0,0,1,0
2017-11-27,0,1,0,1
2017-11-27,0,0,2,0
2017-11-27,0,0,5,0
2017-11-27,0,1,0,0
2017-11-27,0,1,0,0
2017-09-07,273,217,11,2
2017-09-09,6,2,0,1
2017-09-09,0,0,0,4
2017-09-09,0,1,0,0
2017-09-20,0,1,0,0
2017-09-20,0,0,0,1
2017-09-20,0,0,0,2
2017-09-20,0,4,0,0
2017-09-20,12,5,0,6
2017-12-09,0,1,0,0
2017-12-09,0,1,0,0
2017-12-09,0,2,0,0
2017-12-09,0,1,0,0
2017-12-09,0,1,0,0
2017-12-09,0,0,0,2
2017-10-26,6,1,1,1
2017-10-26,0,1,0,0
2017-10-26,0,0,0,1
2017-10-26,0,1,0,0
2017-10-26,0,0,0,1
2017-10-26,0,0,1,0
2017-10-26,1,0,1,0
2017-08-11,0,1,0,0
2017-08-11,0,1,0,0
2017-08-11,0,1,0,0
2017-08-11,0,1,0,0
2017-08-11,0,1,0,0
2017-10-30,0,0,0,2
2017-10-30,0,1,0,0
2017-10-30,0,0,1,0
2017-10-30,0,0,1,0
2017-09-01,0,0,0,3
2017-09-01,4,0,5,0
2017-12-01,0,1,0,0
2017-12-01,0,1,0,0
2017-12-01,0,1,0,0
2017-12-01,0,1,0,0
2017-12-01,0,0,1,0
2017-12-01,0,1,3,0
2017-12-01,0,0,0,5
2017-12-01,1,0,0,0
2017-10-01,3,0,0,1
2017-10-01,0,9,0,0
2017-10-01,1,1,0,1
2017-10-01,1,0,0,0
2017-10-01,0,1,0,0
2017-10-01,0,2,0,0
2017-10-01,0,1,0,0
2017-08-02,0,3,0,0
2017-08-02,0,1,0,0
2017-08-01,0,1,0,0
2017-08-01,0,1,0,0
2017-08-01,0,2,0,0
2017-08-01,0,1,0,0
2017-10-03,0,4,0,0
2017-10-03,0,0,0,1
2017-10-03,0,0,0,1
2017-10-03,0,0,0,2
2017-12-05,0,1,0,0
2017-12-05,0,1,0,0
2017-12-05,0,0,1,0
2017-12-05,0,0,0,2
2017-12-05,0,0,1,0
2017-12-05,2,0,0,0
2017-08-31,0,0,3,0
2017-08-31,0,0,2,0
2017-08-31,0,1,0,0
2017-08-31,0,1,0,0
2017-09-29,0,0,0,1
2017-09-28,1,0,0,1
2017-09-28,0,0,11,0
2017-07-29,0,1,0,0
2017-07-28,0,1,0,0
2017-07-28,0,1,0,0
2017-07-28,0,1,0,0
2017-07-28,0,1,0,0
2017-07-28,0,1,0,0
2017-07-28,0,1,0,0
2017-10-05,3,1,0,5
2017-10-05,0,1,0,1
2017-10-05,6,3,3,2
2017-08-02,0,0,0,1
2017-08-02,0,1,0,0
2017-08-02,0,1,0,0
2017-08-02,0,0,0,5
2017-11-08,0,1,0,0
2017-11-08,0,0,3,0
2017-11-08,0,1,0,0
2017-11-08,0,0,1,0
2017-11-08,0,0,1,0
2017-09-10,0,2,0,0
2017-09-10,0,0,0,1
2017-09-10,6,7,0,0
2017-11-23,0,0,1,0
2017-11-23,0,1,0,0
2017-11-23,0,0,0,1
2017-11-23,0,1,0,0
2017-09-22,0,1,0,0
2017-09-22,0,1,0,0
2017-09-22,0,1,0,0
2017-09-22,4,0,0,4
2017-09-22,5,0,0,4
2017-09-22,0,1,0,0
2017-09-22,0,0,0,1
2017-10-25,1,0,0,0
2017-10-25,0,1,0,0
2017-10-25,0,1,1,0
2017-10-25,0,0,1,0
2017-10-25,0,0,1,0
2017-10-25,0,0,1,0
2017-10-25,0,0,1,0
2017-12-06,0,1,0,0
2017-12-06,0,2,0,0
2017-12-06,0,1,0,0
2017-12-06,0,1,1,0
2017-12-06,0,1,0,0
2017-12-06,0,1,0,0
2017-12-06,0,1,0,0
2017-09-24,0,0,0,2
2017-09-24,0,0,0,1
2017-09-24,0,1,0,0
2017-09-24,0,0,0,1
2017-09-24,0,1,0,0
2017-08-22,0,0,0,1
2017-08-22,0,0,0,2
2017-08-22,0,2,0,0
2017-08-22,0,0,0,1
2017-08-22,0,1,0,0
2017-11-13,0,0,1,0
2017-11-13,0,0,0,1
2017-08-08,0,1,0,0
2017-08-08,0,1,0,0
2017-08-08,0,0,0,1
2017-08-08,0,1,0,0
2017-10-14,0,5,0,0
2017-10-14,0,1,0,0
2017-10-14,0,0,0,2
2017-10-14,0,0,0,4
2017-10-14,0,1,0,0
2017-10-14,0,1,0,0
2017-10-14,0,0,0,1
2017-10-14,0,1,0,0
2017-10-14,1,0,0,1
2017-10-14,0,0,1,0
2017-10-14,0,0,1,0
2017-10-14,0,0,5,0
2017-07-26,0,0,0,1
2017-07-26,0,1,0,0
2017-07-26,0,1,0,0
2017-07-26,0,0,6,0
2017-07-25,0,2,0,0
2017-11-15,0,1,0,0
2017-11-15,0,0,0,3
2017-11-15,0,0,0,1
2017-11-15,0,2,2,2
2017-09-15,0,1,0,0
2017-09-15,0,1,0,0
2017-09-15,0,1,0,0
2017-09-15,1,1,0,0
2017-09-15,0,1,0,0
2017-09-15,1,0,0,0
2017-08-19,0,1,0,0
2017-08-19,0,1,0,0
2017-08-19,0,1,0,0
2017-08-19,0,0,0,1
2017-08-19,0,1,0,0
2017-11-02,0,1,0,0
2017-11-02,0,1,0,0
2017-11-02,0,0,2,0
2017-11-02,0,1,0,0
2017-11-02,0,1,0,0
2017-11-02,0,1,0,0
2017-11-02,0,0,0,2
2017-07-18,0,0,1,0
2017-07-18,0,1,1,0
2017-07-18,0,1,0,0
2017-07-18,0,1,0,0
2017-10-19,0,8,0,0
2017-10-19,0,0,0,1
2017-10-19,0,1,0,0
2017-10-19,5,0,0,2
2017-10-19,7,0,0,0
2017-10-19,0,0,0,1
2017-10-19,0,0,1,0
2017-10-19,0,2,1,0
2017-10-19,1,0,0,0
2017-10-19,0,1,0,0
2017-10-19,0,0,0,1
2017-11-17,1,0,0,0
2017-11-17,0,0,0,1
2017-11-17,0,1,0,0
2017-11-17,0,1,0,0
2017-11-17,0,1,0,0
2017-11-17,0,1,0,0
2017-09-15,0,1,0,0
2017-09-15,0,2,0,0
2017-09-15,2,0,0,0
2017-09-15,0,0,0,1
2017-09-15,0,0,1,0
2017-09-12,0,0,0,1
2017-09-12,0,2,0,0
2017-09-12,5,1,1,0
2017-09-12,1,0,1,0
2017-09-12,0,0,0,1
2017-09-12,7,5,1,0
2017-09-12,0,1,0,0
2017-09-10,118,142,6,1
2017-09-12,1,0,0,0
2017-12-19,0,3,0,0
2017-12-19,0,0,1,0
2017-12-19,0,0,0,1
2017-11-04,0,0,1,0
2017-11-04,0,0,0,1
2017-11-04,0,0,1,0
2017-11-04,0,1,0,0
2017-11-04,0,1,0,0
2017-11-04,0,0,1,2
2017-11-04,0,0,1,0
2017-11-04,0,0,1,0
2017-11-04,0,0,1,0
2017-08-17,0,1,0,0
2017-08-16,0,1,0,0
2017-08-16,0,1,0,0
2017-10-23,0,0,1,0
2017-10-23,0,1,0,0
2017-10-23,1,0,4,0
2017-10-23,0,0,1,0
2017-10-23,0,1,0,0
2017-10-23,0,0,1,1
2017-10-23,0,0,1,0
2017-10-23,0,2,0,0
2017-07-17,0,1,0,0
2017-07-17,0,2,0,0
2017-07-17,0,1,0,0
2017-07-17,0,1,0,0
2017-07-17,0,1,0,0
2017-08-24,0,1,0,0
2017-08-24,0,1,0,0
2017-08-24,0,1,0,0
2017-08-10,0,1,0,0
2017-08-10,0,1,0,0
2017-08-10,0,1,0,0
2017-08-10,0,1,0,0
2017-08-10,0,1,0,0
2017-08-10,0,1,0,0
2017-08-10,1,0,0,0
2017-11-11,0,1,0,0
2017-11-11,0,2,0,0
2017-11-11,0,0,1,0
2017-11-11,0,1,0,0
2017-11-11,0,1,0,0
2017-11-11,0,1,0,0
2017-12-27,0,0,1,0
2017-12-27,0,0,0,2
2017-12-27,0,0,0,1
2017-12-26,0,1,0,0
2017-12-26,0,1,0,0
2017-12-26,0,1,0,0
2017-12-26,0,0,0,1
2017-07-27,0,1,0,0
2017-07-26,0,0,0,1
2017-07-26,0,1,0,0
2017-07-26,0,1,0,0
2017-07-26,0,1,0,0
2017-07-26,0,1,0,0
2017-07-26,0,0,1,0
2017-10-11,0,0,3,0
2017-10-19,0,1,0,1
2017-10-19,0,0,0,1
2017-10-19,1,1,0,0
2017-10-19,0,0,0,2
2017-10-19,0,3,0,0
2017-10-19,0,1,0,0
2017-10-18,0,2,0,0
2017-10-18,0,1,0,0
2017-10-18,0,2,0,0
2017-12-14,0,1,0,0
2017-12-14,0,2,0,0
2017-12-14,0,0,0,1
2017-12-14,0,2,0,0
2017-12-14,0,6,0,0
2017-12-14,0,0,1,0
2017-12-14,0,2,0,0
2017-12-14,0,1,0,0
2017-10-31,0,0,2,0
2017-10-31,0,0,2,0
2017-10-31,0,2,0,0
2017-10-31,0,0,1,0
2017-10-31,3,0,0,0
2017-10-31,0,1,0,0
2017-10-31,0,1,0,0
2017-10-30,0,0,0,1
2017-10-31,0,1,0,0
2017-10-31,1,0,1,0
2017-08-12,0,1,0,0
2017-08-12,0,2,0,0
2017-08-12,0,0,0,1
2017-09-19,148,39,1,100
2017-09-19,0,0,1,0
2017-09-19,3,4,0,2
2017-09-19,0,1,0,0
2017-09-19,3,1,0,0
2017-09-19,13,4,2,5
2017-09-19,0,1,0,0
2017-09-19,0,3,0,0
2017-09-19,0,1,0,0
2017-09-19,0,1,0,0
2017-09-19,1,1,0,2
2017-07-22,0,2,0,0
2017-07-22,0,0,1,0
2017-07-22,0,1,0,0
2017-10-06,0,0,4,0
2017-10-06,0,0,3,0
2017-10-06,0,1,0,0
2017-10-06,9,7,4,0
2017-10-06,0,0,0,1
2017-10-06,0,3,0,0
2017-10-06,0,0,7,0
2017-10-06,0,1,0,0
2017-10-02,1,0,0,0
2017-10-02,3,0,0,0
2017-10-02,0,0,0,1
2017-10-02,0,1,0,0
2017-10-02,0,0,0,2
2017-10-02,0,1,0,0
2017-10-02,0,0,0,1
2017-10-02,1,0,1,1
2017-10-02,0,1,0,0
2017-08-06,0,2,0,0
2017-08-06,0,1,0,0
2017-08-06,0,1,0,0
2017-11-07,0,2,0,0
2017-11-07,0,0,0,1
2017-11-07,1,0,0,0
2017-11-07,0,0,0,1
2017-11-07,0,0,1,0
2017-11-07,0,0,3,0
2017-11-07,0,0,2,0
2017-11-07,0,0,1,0
2017-12-20,0,1,0,0
2017-12-20,0,1,0,0
2017-12-20,0,1,0,0
2017-12-20,0,0,0,1
2017-12-20,0,1,0,0
2017-12-20,0,0,0,1
2017-10-10,1,0,0,0
2017-10-10,0,1,0,0
2017-10-10,0,0,2,0
2017-10-10,0,2,0,0
2017-10-10,0,1,0,0
2017-10-10,0,1,0,0
2017-10-10,0,0,9,0
2017-10-09,0,0,0,1
2017-10-10,0,0,0,1
2017-07-21,0,1,0,0
2017-07-21,0,1,0,0
2017-07-21,0,1,0,0
2017-07-20,0,0,0,1
2017-07-21,0,0,1,0
2017-12-25,1,1,1,0
2017-12-25,0,0,2,0
2017-12-25,11,4,3,4
2017-12-25,0,0,1,0
2017-12-24,1,0,0,0
2017-12-24,0,1,0,0
2017-11-08,0,2,0,0
2017-11-09,4,2,0,4
2017-08-03,0,1,0,0
2017-08-03,0,0,1,0
2017-09-28,1,0,1,0
2017-09-28,1,1,0,0
2017-09-28,0,1,0,0
2017-12-06,0,1,0,0
2017-12-06,0,1,0,0
2017-12-05,0,0,0,1
2017-12-05,0,0,0,1
2017-12-05,0,0,0,1
2017-12-05,0,2,0,0
2017-10-15,1,0,0,0
2017-10-15,0,1,0,2
2017-10-15,0,1,0,0
2017-10-15,0,1,0,0
2017-10-15,0,3,0,0
2017-10-15,0,1,0,0
2017-08-15,0,2,0,0
2017-08-15,0,1,0,0
2017-08-15,0,1,0,0
2017-08-14,0,0,1,0
2017-10-29,0,1,0,0
2017-10-29,1,0,0,1
2017-10-29,0,0,1,0
2017-10-29,0,1,0,0
2017-10-29,0,0,0,1
2017-10-29,0,0,1,0
2017-12-11,0,1,0,0
2017-12-11,0,1,0,0
2017-12-11,0,0,0,1
2017-12-11,0,0,0,1
2017-08-07,0,2,0,0
2017-08-07,0,1,0,0
2017-11-12,0,1,0,0
2017-11-12,0,1,0,0
2017-11-12,0,1,0,0
2017-09-24,0,1,0,0
2017-09-24,0,1,0,0
2017-12-01,0,0,1,0
2017-12-01,0,0,1,0
2017-12-01,0,0,0,1
2017-12-01,0,1,0,0
2017-12-01,0,3,0,0
2017-12-01,0,1,0,0
2017-11-30,0,1,0,0
2017-08-27,0,0,1,0
2017-08-26,4,0,3,0
2017-08-26,9,0,14,0
2017-08-27,0,1,0,0
2017-08-26,1,0,1,0
2017-11-14,0,1,0,0
2017-11-14,2,1,0,1
2017-11-14,0,0,1,0
2017-11-14,0,1,0,0
2017-09-19,0,1,0,0
2017-09-19,7,1,0,5
2017-09-19,0,1,0,0
2017-09-18,14,9,0,6
2017-09-18,6,3,0,2
2017-09-06,2,3,0,0
2017-09-06,0,0,0,1
2017-09-06,1,0,0,0
2017-11-19,0,1,2,0
2017-11-19,0,0,2,0
2017-11-19,0,0,0,1
2017-11-19,0,1,0,0
2017-11-19,0,1,0,0
2017-11-19,0,0,0,1
2017-11-19,0,0,2,0
2017-08-16,0,1,0,0
2017-08-16,0,1,0,0
2017-08-16,0,3,0,0
2017-08-15,0,1,0,0
2017-08-15,0,1,0,0
2017-08-15,0,2,0,0
2017-12-31,0,1,0,0
2017-12-31,2,0,1,1
2017-12-31,0,0,1,0
2017-12-31,0,0,1,0
2017-12-31,0,1,0,0
2017-11-03,0,1,0,0
2017-11-03,0,0,0,1
2017-11-03,0,1,0,0
2017-11-03,1,0,2,0
2017-11-03,5,2,2,0
2017-11-03,0,0,0,1
2017-09-16,2,1,1,0
2017-09-16,14,16,2,0
2017-11-22,0,1,0,0
2017-11-22,0,0,0,4
2017-11-22,0,1,0,0
2017-11-22,0,1,0,0
2017-11-22,1,0,0,0
2017-11-22,0,1,0,0
2017-11-22,0,1,0,0
2017-09-05,0,0,0,2
2017-09-05,0,2,0,0
2017-09-05,0,2,0,0
2017-09-05,0,1,0,0
2017-09-05,7,0,15,0
2017-09-05,0,1,0,0
2017-09-05,0,1,0,0
2017-09-05,0,1,0,0
2017-09-04,0,1,0,1
2017-09-27,0,0,0,1
2017-09-27,0,2,0,0
2017-09-27,0,7,0,0
2017-09-27,0,3,0,0
2017-09-27,0,1,0,0
2017-08-23,0,0,0,1
2017-08-22,0,1,0,0
2017-08-09,1,0,0,0
2017-08-23,0,1,0,0
2017-08-28,0,1,0,0
2017-08-28,0,1,0,0
2017-08-28,0,1,0,0
2017-08-28,0,0,3,0
2017-08-28,2,0,4,0
2017-08-27,0,2,0,0
2017-11-28,0,1,0,0
2017-11-27,0,1,0,0
2017-11-27,0,2,0,0
2017-09-27,1,0,0,0
2017-09-27,1,0,0,0
2017-09-27,0,1,0,0
2017-09-27,0,1,0,0
2017-09-27,0,1,0,0
2017-08-23,0,0,0,1
2017-08-23,0,0,0,1
2017-08-23,0,1,0,0
2017-08-28,0,6,0,0
2017-08-28,4,0,3,0
2017-08-28,0,1,0,0
2017-08-28,0,1,0,0
2017-11-28,2,0,0,0
2017-11-28,0,2,0,0
2017-11-28,0,1,0,0
2017-11-28,0,1,0,0
2017-11-28,0,0,1,0
2017-11-28,0,0,0,1
2017-11-28,0,1,0,0
2017-11-28,0,0,1,0
2017-09-16,0,0,0,1
2017-09-16,0,0,0,1
2017-09-15,0,1,0,0
2017-09-16,1,1,0,0
2017-09-16,0,0,0,1
2017-11-22,0,3,0,0
2017-11-22,0,1,0,0
2017-11-22,0,0,1,0
2017-11-22,0,1,0,0
2017-11-22,0,0,0,1
2017-11-22,0,0,0,1
2017-11-22,0,0,0,1
2017-09-05,13,7,2,0
2017-09-04,0,0,1,0
2017-09-05,0,0,1,0
2017-08-16,0,1,0,0
2017-08-16,0,1,0,0
2017-08-15,0,1,0,0
2017-08-16,0,1,0,0
2017-11-03,0,1,0,0
2017-11-03,0,0,1,0
2017-11-14,0,1,0,1
2017-11-14,0,1,0,0
2017-11-14,0,1,0,1
2017-11-14,0,1,0,0
2017-11-14,1,0,0,0
2017-11-14,0,2,0,0
2017-11-14,0,0,0,1
2017-09-19,0,1,0,0
2017-09-19,1,0,1,0
2017-09-19,7,1,0,3
2017-09-19,0,1,0,0
2017-09-19,0,1,0,0
2017-09-19,0,1,0,0
2017-09-19,0,1,0,0
2017-09-19,0,1,0,0
2017-09-19,2,1,0,2
2017-09-05,0,0,0,1
2017-09-05,1,1,1,0
2017-09-05,18,14,2,0
2017-09-05,0,0,0,1
2017-09-05,0,1,0,0
2017-09-05,9,7,1,0
2017-09-05,0,0,0,1
2017-09-05,0,0,1,0
2017-09-05,0,2,0,0
2017-11-19,0,0,0,1
2017-11-19,0,0,0,1
2017-11-19,0,1,0,0
2017-11-19,0,0,1,0
2017-11-19,0,2,0,0
2017-09-24,0,1,0,0
2017-09-24,5,1,0,1
2017-09-24,0,1,0,0
2017-09-24,0,1,0,0
2017-09-24,0,1,0,0
2017-12-01,2,0,0,0
2017-12-01,0,0,1,0
2017-12-01,0,1,0,0
2017-08-27,0,1,0,0
2017-08-27,0,1,0,0
2017-08-27,1,1,0,0
2017-08-27,0,0,0,1
2017-08-07,0,1,0,0
2017-08-07,0,1,0,0
2017-08-07,0,1,1,0
2017-08-07,0,1,0,0
2017-08-07,0,1,0,0
2017-11-12,0,1,0,0
2017-11-11,0,0,1,0
2017-11-12,0,1,0,0
2017-11-12,0,0,1,0
2017-11-12,0,0,0,3
2017-11-12,0,0,0,1
2017-11-12,0,1,0,0
2017-11-12,1,0,0,0
2017-11-12,0,2,0,0
2017-12-06,0,0,0,1
2017-12-06,0,0,1,0
2017-12-06,0,0,0,1
2017-12-05,0,5,0,0
2017-12-06,0,0,1,0
2017-10-15,0,0,0,1
2017-10-15,0,1,0,0
2017-10-15,5,0,0,0
2017-10-15,1,1,1,1
2017-10-15,0,0,2,0
2017-10-15,2,0,1,1
2017-10-15,0,0,2,0
2017-10-15,0,0,2,0
2017-10-15,0,0,0,1
2017-10-15,0,0,0,1
2017-10-15,0,0,1,0
2017-08-15,0,1,0,0
2017-08-15,0,0,0,1
2017-08-14,0,2,0,3
2017-08-15,0,2,0,0
2017-08-14,0,1,0,0
2017-10-29,0,1,0,0
2017-10-29,0,0,0,2
2017-10-29,0,0,0,1
2017-10-29,0,0,1,0
2017-10-29,0,0,2,0
2017-10-29,0,1,0,0
2017-10-29,1,0,0,1
2017-10-29,0,0,1,0
2017-10-29,0,1,0,0
2017-10-29,0,0,0,1
2017-12-11,0,1,0,0
2017-12-10,1,0,0,0
2017-12-09,0,1,0,0
2017-12-10,1,0,0,0
2017-09-28,0,0,0,1
2017-09-28,0,0,1,0
2017-09-27,1,0,0,2
2017-09-27,0,0,0,1
2017-10-10,0,2,0,0
2017-10-10,0,1,0,0
2017-10-10,1,0,0,0
2017-10-10,0,0,0,1
2017-10-10,0,1,0,0
2017-10-10,0,0,10,0
2017-10-10,0,1,0,0
2017-10-10,0,1,0,0
2017-10-10,0,2,0,0
2017-07-21,0,1,0,0
2017-07-21,0,0,1,0
2017-07-21,0,2,0,0
2017-12-25,0,1,0,0
2017-12-25,1,0,0,1
2017-12-25,0,0,0,1
2017-12-25,1,0,0,0
2017-12-25,0,0,0,1
2017-11-09,3,2,2,5
2017-11-09,1,0,0,0
2017-11-08,0,0,1,0
2017-11-08,0,3,0,0
2017-11-08,0,1,0,0
2017-11-08,0,1,0,0
2017-11-08,0,1,0,0
2017-08-03,0,1,0,0
2017-08-03,0,0,0,1
2017-08-03,0,1,0,0
2017-07-22,0,1,0,0
2017-07-22,0,1,0,0
2017-07-22,0,1,0,0
2017-07-22,0,1,0,0
2017-07-22,0,1,0,0
2017-07-22,0,0,0,1
2017-07-22,0,2,0,0
2017-07-22,0,1,0,0
2017-07-22,0,2,0,0
2017-10-06,0,1,0,0
2017-10-06,0,1,0,0
2017-10-02,1,0,0,0
2017-10-02,0,0,0,1
2017-10-02,0,1,0,0
2017-10-01,0,0,0,18
2017-08-06,0,1,0,0
2017-08-06,0,1,0,0
2017-11-07,1,1,0,0
2017-11-07,0,1,0,0
2017-11-07,0,0,1,0
2017-11-07,0,0,1,0
2017-11-07,0,0,1,0
2017-11-06,0,2,0,0
2017-11-06,0,1,0,0
2017-11-07,0,1,0,0
2017-12-20,0,1,1,0
2017-12-20,0,1,0,0
2017-12-20,0,0,1,0
2017-09-20,1,0,0,1
2017-09-20,1,0,0,0
2017-09-19,0,1,0,0
2017-10-18,0,0,0,1
2017-10-18,0,0,2,0
2017-10-18,0,1,0,0
2017-10-18,0,2,0,0
2017-10-18,0,1,0,0
2017-10-18,0,1,0,0
2017-10-18,0,1,0,0
2017-10-18,0,5,0,0
2017-12-14,0,0,1,0
2017-12-14,0,1,0,0
2017-12-14,0,1,0,0
2017-12-13,0,0,3,0
2017-10-31,0,2,0,0
2017-10-31,0,0,2,0
2017-10-31,0,0,0,1
2017-10-31,0,0,1,0
2017-08-12,0,0,0,1
2017-08-12,6,0,0,0
2017-08-12,0,1,0,0
2017-08-12,0,1,0,0
2017-08-12,0,1,0,0
2017-08-10,0,1,0,0
2017-08-10,0,0,1,0
2017-08-10,0,0,0,1
2017-08-10,0,0,0,9
2017-08-10,0,1,0,0
2017-11-10,0,0,1,0
2017-11-10,0,0,1,0
2017-11-11,0,0,2,0
2017-11-11,0,0,0,2
2017-11-11,0,0,1,0
2017-11-11,0,1,0,0
2017-11-11,0,0,2,0
2017-11-11,0,0,0,2
2017-11-11,0,1,0,0
2017-12-27,0,1,0,0
2017-12-27,1,0,2,0
2017-12-27,0,0,0,1
2017-12-27,0,0,1,0
2017-12-27,0,0,1,0
2017-12-27,0,1,0,0
2017-12-27,2,0,0,0
2017-12-27,0,0,0,1
2017-12-27,0,1,0,1
2017-12-27,2,1,0,0
2017-12-27,2,0,1,0
2017-12-27,0,1,0,0
2017-12-27,0,0,2,0
2017-12-27,0,0,0,3
2017-12-27,0,1,0,0
2017-12-26,0,0,2,0
2017-12-27,0,1,0,0
2017-12-27,0,0,0,1
2017-07-27,0,0,0,1
2017-07-26,0,0,0,1
2017-10-11,0,0,1,0
2017-10-11,2,0,0,2
2017-10-11,1,0,0,0
2017-10-11,0,1,0,0
2017-10-10,0,0,4,0
2017-10-11,0,0,0,1
2017-08-23,0,1,0,0
2017-12-19,0,0,0,1
2017-12-19,0,1,0,0
2017-12-19,0,0,0,3
2017-12-19,0,1,0,0
2017-12-19,0,1,0,0
2017-11-04,0,1,0,0
2017-11-04,0,0,1,0
2017-11-04,0,0,1,0
2017-11-04,0,0,0,1
2017-11-04,0,2,0,0
2017-11-04,1,0,0,0
2017-11-04,0,1,0,0
2017-11-04,0,0,1,0
2017-11-04,0,0,1,0
2017-11-04,0,1,0,0
2017-11-04,0,2,0,0
2017-11-04,0,0,1,0
2017-08-17,1,0,0,0
2017-08-16,0,1,0,0
2017-08-17,0,1,0,0
2017-08-17,0,1,0,0
2017-08-17,0,1,0,0
2017-10-23,0,1,0,0
2017-10-23,0,1,0,0
2017-10-23,0,1,0,0
2017-10-23,0,0,0,1
2017-10-22,0,0,1,0
2017-10-23,0,0,2,0
2017-10-23,10,1,4,0
2017-10-23,0,1,0,0
2017-07-17,0,0,1,0
2017-07-17,0,0,1,0
2017-07-17,0,0,0,3
2017-07-17,0,1,0,0
2017-07-17,0,1,0,0
2017-07-17,0,1,0,0
2017-07-17,0,1,0,0
2017-07-17,0,1,0,0
2017-11-18,0,0,1,0
2017-11-17,0,1,0,0
2017-11-17,0,1,0,0
2017-09-15,0,1,0,0
2017-09-15,0,1,0,0
2017-09-15,1,0,1,0
2017-09-15,0,1,0,0
2017-09-15,1,1,0,0
2017-09-15,4,1,0,0
2017-09-15,1,2,0,0
2017-09-15,7,2,6,0
2017-09-15,0,1,0,0
2017-09-15,0,0,0,1
2017-09-15,2,1,1,0
2017-09-15,2,0,1,0
2017-09-15,0,3,0,0
2017-09-12,3,5,0,0
2017-09-12,0,2,0,1
2017-09-12,0,0,0,3
2017-09-12,0,1,0,0
2017-09-11,11,9,0,4
2017-09-11,0,2,0,0
2017-09-11,0,1,0,0
2017-09-11,6,10,3,0
2017-09-11,19,31,3,0
2017-09-11,3,2,1,0
2017-08-19,0,0,0,1
2017-08-19,0,0,0,1
2017-08-19,0,1,0,0
2017-08-19,0,1,0,0
2017-11-02,1,1,1,0
2017-11-02,0,0,1,1
2017-11-02,0,0,1,0
2017-11-02,0,1,1,0
2017-11-02,0,0,1,0
2017-11-02,0,0,1,0
2017-11-02,0,1,0,0
2017-11-02,0,0,1,0
2017-11-02,0,0,0,1
2017-11-02,0,0,0,6
2017-11-02,0,1,0,0
2017-12-15,3,0,0,3
2017-12-15,0,1,0,0
2017-12-15,0,1,0,0
2017-12-15,0,1,0,0
2017-12-15,0,0,1,0
2017-12-15,0,1,0,0
2017-12-15,0,0,0,2
2017-12-15,0,0,1,0
2017-12-15,1,0,0,0
2017-12-15,0,0,1,0
2017-07-18,0,1,0,0
2017-07-18,0,1,0,0
2017-07-18,0,1,0,0
2017-10-19,0,0,4,0
2017-10-19,0,0,1,0
2017-10-19,1,0,0,0
2017-10-19,0,0,1,1
2017-10-19,0,3,0,0
2017-10-19,0,0,1,0
2017-10-19,0,1,0,1
2017-10-19,0,0,3,0
2017-10-19,1,0,0,0
2017-10-19,1,0,0,0
2017-11-15,0,1,0,0
2017-11-15,0,0,0,1
2017-11-15,0,1,0,1
2017-11-15,0,2,0,0
2017-11-15,0,3,0,0
2017-09-15,0,0,2,0
2017-09-15,1,0,0,0
2017-09-15,0,0,1,0
2017-09-14,0,3,0,0
2017-11-13,0,1,1,0
2017-11-13,0,0,3,0
2017-11-13,0,1,0,0
2017-11-13,0,4,0,0
2017-11-13,0,0,0,1
2017-11-13,0,0,0,1
2017-08-08,0,2,0,0
2017-08-08,0,2,0,0
2017-08-08,0,0,0,1
2017-08-08,0,2,0,0
2017-08-07,0,2,0,0
2017-10-14,0,0,1,0
2017-10-14,0,0,1,0
2017-10-14,0,0,3,0
2017-10-14,2,0,0,0
2017-10-14,0,2,0,0
2017-10-14,0,0,0,1
2017-10-14,0,0,4,0
2017-10-14,1,0,0,0
2017-10-14,0,1,0,0
2017-07-26,0,1,0,0
2017-07-26,0,1,0,0
2017-07-26,0,1,0,0
2017-07-26,0,1,0,0
2017-07-26,0,1,0,0
2017-07-26,0,1,0,0
2017-07-26,0,4,0,0
2017-07-26,0,1,0,0
2017-09-24,0,1,0,0
2017-09-24,0,1,0,0
2017-09-23,0,0,0,1
2017-09-23,0,0,0,1
2017-09-23,0,2,0,0
2017-08-22,0,1,0,0
2017-08-22,0,0,0,1
2017-08-22,0,0,0,1
2017-10-25,0,1,0,0
2017-10-25,0,0,1,0
2017-10-25,0,1,0,0
2017-10-25,0,1,0,0
2017-10-25,0,1,0,0
2017-10-25,0,1,0,0
2017-10-25,0,0,2,0
2017-12-07,0,0,0,1
2017-12-06,0,0,1,0
2017-12-07,0,1,0,0
2017-12-06,0,0,2,0
2017-12-06,0,1,0,0
2017-12-06,0,1,0,0
2017-09-09,3,4,1,0
2017-09-09,12,11,0,0
2017-09-09,5,1,0,0
2017-09-09,17,6,6,0
2017-09-09,5,3,0,1
2017-09-09,6,8,0,0
2017-09-09,1,0,0,0
2017-09-09,5,6,0,0
2017-11-23,1,0,0,0
2017-11-23,0,1,0,0
2017-09-23,0,1,0,0
2017-09-23,0,0,1,0
2017-09-23,0,0,0,2
2017-09-23,1,1,1,0
2017-07-29,0,0,0,1
2017-07-29,0,0,0,1
2017-07-29,0,0,1,0
2017-07-29,0,2,0,0
2017-10-05,1,0,0,0
2017-10-05,5,0,1,1
2017-10-05,0,3,0,0
2017-08-02,0,0,0,1
2017-08-02,0,1,0,0
2017-08-02,0,1,0,0
2017-11-08,0,2,0,0
2017-11-08,0,0,1,0
2017-11-08,0,2,0,0
2017-11-07,0,1,0,0
2017-11-08,0,1,0,0
2017-11-08,0,0,1,0
2017-12-05,0,1,0,0
2017-12-05,0,0,2,0
2017-12-05,1,0,0,0
2017-12-05,0,1,0,1
2017-12-05,1,1,0,1
2017-08-31,2,3,3,0
2017-08-31,0,1,0,0
2017-08-31,9,0,3,0
2017-08-31,3,0,4,0
2017-08-31,0,0,0,2
2017-08-31,0,0,1,0
2017-08-31,0,1,0,0
2017-09-28,1,0,0,1
2017-09-28,0,1,0,0
2017-09-28,0,12,0,0
2017-08-02,0,1,0,0
2017-10-03,1,0,0,0
2017-10-03,0,1,0,0
2017-10-03,0,1,0,0
2017-10-03,2,1,0,3
2017-10-03,2,1,1,1
2017-09-01,0,1,0,0
2017-09-01,0,0,4,0
2017-09-01,0,0,1,0
2017-09-01,0,1,0,0
2017-12-02,0,0,0,1
2017-12-01,0,1,0,0
2017-10-01,0,2,0,0
2017-10-01,0,0,0,1
2017-10-01,0,1,0,0
2017-10-01,0,0,0,2
2017-10-01,0,1,0,0
2017-10-01,0,2,0,0
2017-10-01,0,1,0,0
2017-10-01,0,0,0,1
2017-12-10,0,0,1,0
2017-12-09,0,1,0,0
2017-12-09,0,0,0,4
2017-12-09,0,1,0,0
2017-12-09,0,0,1,0
2017-12-09,0,1,0,0
2017-12-09,0,1,0,0
2017-12-09,0,0,0,1
2017-12-09,0,0,1,0
2017-10-26,0,0,1,0
2017-10-26,0,1,0,0
2017-10-26,0,1,0,0
2017-10-26,0,0,2,0
2017-10-25,0,0,0,1
2017-08-11,0,8,0,0
2017-08-11,0,1,0,0
2017-08-11,0,1,0,0
2017-08-11,1,0,0,0
2017-10-30,1,1,0,1
2017-10-30,0,0,1,0
2017-10-30,0,1,0,0
2017-10-30,0,4,0,0
2017-10-30,0,0,1,0
2017-10-30,0,2,2,0
2017-10-30,0,2,0,0
2017-10-30,10,1,5,0
2017-10-30,0,2,0,0
2017-10-30,0,0,0,1
2017-10-30,0,0,0,1
2017-10-30,0,1,0,0
2017-11-27,0,0,0,1
2017-11-27,0,1,0,0
2017-09-08,0,0,0,1
2017-09-08,0,1,0,0
2017-09-08,0,1,0,0
2017-09-08,1,1,1,0
2017-09-08,1,0,0,0
2017-09-08,0,0,0,1
2017-09-08,1,1,0,0
2017-09-08,0,1,0,0
2017-09-08,6,3,0,0
2017-09-08,0,1,0,0
2017-09-08,9,9,0,0
2017-09-19,168,39,1,124
2017-09-20,0,1,0,0
2017-09-20,12,6,7,2
2017-09-20,0,1,0,0
2017-09-20,0,0,0,1
2017-09-20,1,0,0,0
2017-09-20,0,1,0,0
2017-09-20,0,0,0,1
2017-07-27,0,1,0,0
2017-07-26,0,1,0,0
2017-10-11,0,0,0,1
2017-10-11,0,1,0,4
2017-10-11,0,2,0,0
2017-10-11,0,0,0,1
2017-10-11,0,0,2,0
2017-10-11,0,0,0,1
2017-10-11,0,0,2,0
2017-10-11,0,0,3,0
2017-10-11,0,1,0,0
2017-10-11,0,1,0,0
2017-10-11,0,0,3,0
2017-12-27,0,1,0,0
2017-08-11,0,0,1,0
2017-11-12,0,0,0,1
2017-11-12,0,0,0,1
2017-11-12,0,1,0,0
2017-11-27,0,0,0,1
2017-11-27,0,1,0,0
2017-08-27,2,0,2,0
2017-08-27,0,1,0,0
2017-08-27,0,1,0,0
2017-08-27,0,1,0,0
2017-08-27,0,1,0,0
2017-08-27,0,0,0,1
2017-08-23,0,2,0,0
2017-08-23,0,6,0,0
2017-08-23,0,0,0,1
2017-08-23,0,1,0,0
2017-08-23,0,1,0,0
2017-08-23,0,1,0,0
2017-10-22,0,2,0,0
2017-10-23,0,0,0,1
2017-10-23,0,0,0,1
2017-10-23,0,0,0,1
2017-10-23,0,1,0,0
2017-10-23,0,1,0,0
2017-07-17,0,0,0,1
2017-07-17,0,3,0,0
2017-07-17,0,0,0,1
2017-07-17,0,3,0,0
2017-07-17,0,0,0,1
2017-11-03,0,0,0,7
2017-11-03,0,0,1,0
2017-11-03,0,0,0,1
2017-11-03,0,0,2,0
2017-11-03,0,1,0,0
2017-11-03,0,2,0,0
2017-11-03,0,0,1,0
2017-11-03,0,1,0,0
2017-11-03,0,0,1,0
2017-11-03,0,0,1,0
2017-11-03,18,4,3,0
2017-08-16,0,1,0,0
2017-08-16,0,1,0,0
2017-08-16,0,1,0,0
2017-08-16,0,1,0,0
2017-12-18,0,1,0,0
2017-12-18,0,1,0,0
2017-12-18,0,3,0,0
2017-12-18,0,2,0,0
2017-12-18,0,1,0,0
2017-12-18,0,0,1,0
2017-09-12,3,5,0,0
2017-09-12,0,1,0,0
2017-09-12,4,6,0,1
2017-09-12,2,6,0,0
2017-09-12,2,2,0,0
2017-09-12,0,1,0,0
2017-09-12,3,5,0,0
2017-09-12,1,1,0,0
2017-09-12,0,0,0,1
2017-11-18,0,0,0,1
2017-11-18,0,0,1,0
2017-11-18,0,0,0,1
2017-11-18,0,2,0,0
2017-11-18,0,1,0,0
2017-11-18,0,0,0,1
2017-07-18,0,0,1,0
2017-07-18,0,2,0,0
2017-07-18,0,2,0,0
2017-10-19,0,0,6,0
2017-10-20,0,0,1,0
2017-10-20,0,1,0,0
2017-10-20,0,1,0,0
2017-12-15,0,1,0,0
2017-12-15,0,0,0,1
2017-12-15,0,1,0,0
2017-12-15,0,2,0,0
2017-08-20,0,1,0,0
2017-08-20,0,1,0,0
2017-08-20,0,1,0,0
2017-08-19,0,1,0,0
2017-08-19,0,1,0,0
2017-08-19,0,0,0,1
2017-11-03,1,0,0,0
2017-11-03,1,1,0,0
2017-11-03,0,1,0,0
2017-11-03,0,0,1,0
2017-11-03,0,0,0,1
2017-09-14,0,1,1,0
2017-09-14,0,1,0,0
2017-09-14,0,0,1,0
2017-09-14,1,1,0,0
2017-09-14,15,4,1,0
2017-09-14,1,0,1,0
2017-09-14,0,2,0,0
2017-09-14,2,3,1,0
2017-09-14,4,2,0,0
2017-09-14,0,1,0,0
2017-11-19,0,0,1,0
2017-11-19,0,0,2,0
2017-11-19,0,1,0,0
2017-11-19,0,1,0,0
2017-09-05,0,1,0,0
2017-09-05,0,1,0,0
2017-09-05,1,0,0,0
2017-09-05,0,2,0,0
2017-09-05,0,1,0,0
2017-09-05,0,1,0,0
2017-09-05,3,0,1,0
2017-11-15,0,1,0,0
2017-11-15,0,0,0,1
2017-11-14,0,4,0,0
2017-11-14,0,0,0,4
2017-11-15,0,1,0,0
2017-11-14,0,0,1,0
2017-10-14,0,0,2,0
2017-10-14,0,1,0,0
2017-10-14,0,0,0,2
2017-10-14,0,1,0,0
2017-10-14,0,1,0,0
2017-10-13,0,1,0,0
2017-07-25,0,1,0,0
2017-07-25,0,0,0,3
2017-07-25,0,0,0,1
2017-07-25,0,1,0,0
2017-11-13,1,0,0,0
2017-11-13,0,0,0,1
2017-11-13,1,0,0,0
2017-11-13,1,0,0,0
2017-11-13,1,0,0,0
2017-11-12,0,1,0,0
2017-11-12,0,1,0,0
2017-11-13,0,0,0,1
2017-11-13,0,0,1,0
2017-08-07,0,1,0,0
2017-08-07,0,4,0,0
2017-08-22,0,1,0,0
2017-08-22,0,2,0,0
2017-08-22,0,0,0,1
2017-08-22,0,1,0,0
2017-08-22,0,1,0,0
2017-08-22,0,0,0,1
2017-12-10,0,1,0,0
2017-12-10,0,1,0,0
2017-12-06,0,1,0,0
2017-12-06,0,4,0,0
2017-12-06,0,0,3,0
2017-12-06,0,1,0,0
2017-12-06,0,1,0,0
2017-10-14,0,0,6,0
2017-10-15,0,0,0,1
2017-10-15,0,0,0,1
2017-10-25,0,1,0,0
2017-10-25,0,0,1,0
2017-10-24,0,1,0,0
2017-10-24,0,1,0,0
2017-09-23,0,2,0,0
2017-09-23,0,1,0,0
2017-09-23,0,1,0,0
2017-09-23,1,0,0,0
2017-09-10,6,7,1,0
2017-09-10,1,5,0,0
2017-09-10,0,0,0,1
2017-09-10,0,1,0,0
2017-09-10,0,1,0,0
2017-09-07,7,7,0,0
2017-09-10,8,14,0,0
2017-09-09,199,171,5,0
2017-09-10,0,1,0,0
2017-11-24,0,0,3,0
2017-11-24,1,0,0,0
2017-11-24,0,0,1,0
2017-11-24,0,0,0,1
2017-11-24,1,0,0,0
2017-11-24,0,2,0,0
2017-11-24,0,0,0,1
2017-10-05,0,0,7,0
2017-10-06,0,1,0,0
2017-10-05,0,1,0,1
2017-10-05,0,2,0,0
2017-10-06,0,0,0,2
2017-10-06,0,1,1,0
2017-10-06,0,1,0,0
2017-10-06,0,1,0,2
2017-07-29,0,1,0,0
2017-07-29,0,1,0,0
2017-07-29,0,1,0,0
2017-07-29,0,1,0,0
2017-07-29,1,0,0,0
2017-07-29,0,1,0,0
2017-07-29,0,0,0,1
2017-07-29,0,1,0,0
2017-09-28,0,1,0,0
2017-09-28,0,1,0,0
2017-09-28,1,1,1,0
2017-09-28,0,2,0,0
2017-09-28,0,1,0,0
2017-09-28,0,1,0,0
2017-12-05,0,1,0,0
2017-12-04,0,1,4,0
2017-12-05,0,1,0,0
2017-12-04,0,9,0,0
2017-12-04,0,2,0,0
2017-08-30,0,1,0,0
2017-08-30,23,1,58,0
2017-08-31,1,0,2,0
2017-08-31,1,0,0,0
2017-08-31,0,5,0,0
2017-08-31,1,1,1,1
2017-08-31,0,1,0,0
2017-10-02,0,3,0,0
2017-10-02,2,0,0,1
2017-10-02,0,1,0,0
2017-10-02,0,1,0,0
2017-10-02,0,1,0,0
2017-10-02,0,1,0,1
2017-10-02,2,0,0,1
2017-12-20,0,0,1,0
2017-12-20,0,0,0,1
2017-12-19,0,1,0,0
2017-12-19,0,1,0,0
2017-12-19,0,1,0,0
2017-08-01,0,0,0,1
2017-08-01,0,1,0,0
2017-08-01,0,0,0,1
2017-08-01,0,1,0,0
2017-10-06,1,1,0,0
2017-10-06,5,6,0,7
2017-10-06,0,2,0,0
2017-10-06,0,0,0,2
2017-10-06,0,1,0,0
2017-10-06,0,1,0,0
2017-10-06,0,1,0,0
2017-10-06,0,1,0,0
2017-07-21,1,0,0,0
2017-07-21,0,1,0,0
2017-07-21,0,2,0,0
2017-07-21,0,2,0,0
2017-07-21,0,1,0,0
2017-07-21,0,1,0,0
2017-10-02,1,0,0,0
2017-10-02,0,2,0,0
2017-10-02,0,1,0,0
2017-10-02,4,1,0,0
2017-10-02,0,0,0,1
2017-10-02,0,0,0,1
2017-10-02,7,0,0,3
2017-10-01,0,0,0,1
2017-09-01,0,1,0,0
2017-09-01,0,1,0,0
2017-09-01,0,1,0,0
2017-09-01,1,0,1,0
2017-09-01,0,0,3,0
2017-09-01,1,0,1,0
2017-12-02,0,0,2,0
2017-12-02,0,1,0,0
2017-12-02,0,1,0,0
2017-12-02,0,0,2,0
2017-12-02,0,0,1,0
2017-12-02,0,0,1,0
2017-10-27,0,0,1,0
2017-10-27,3,4,0,3
2017-10-27,0,0,0,1
2017-10-26,0,0,4,0
2017-10-26,1,0,0,0
2017-10-26,0,0,1,0
2017-10-26,0,2,0,0
2017-10-26,0,1,0,0
2017-10-26,0,1,0,0
2017-12-10,0,2,0,0
2017-12-10,0,1,0,0
2017-12-10,0,0,1,0
2017-12-10,0,1,0,0
2017-12-10,0,0,0,1
2017-12-10,0,1,0,0
2017-09-20,3,0,0,0
2017-09-20,0,0,0,1
2017-09-20,0,1,0,0
2017-09-19,1,0,1,1
2017-09-19,0,0,0,1
2017-09-20,0,3,0,0
2017-09-20,0,2,0,0
2017-09-20,0,4,0,0
2017-09-20,10,2,0,3
2017-11-26,0,0,3,0
2017-11-26,0,1,0,0
2017-09-08,1,1,0,0
2017-09-08,7,5,1,0
2017-09-08,0,0,0,1
2017-09-08,6,2,1,0
2017-09-08,0,1,0,0
2017-09-08,0,1,0,0
2017-09-08,6,4,1,0
2017-09-08,0,0,0,1
2017-08-28,1,0,3,0
2017-08-28,0,0,2,0
2017-08-28,0,0,0,1
2017-08-28,0,1,0,0
2017-08-28,0,1,0,0
2017-08-28,0,3,0,0
2017-08-28,3,0,4,0
2017-08-28,1,0,0,0
2017-08-18,14,0,0,0
2017-08-28,0,0,0,1
2017-08-28,0,0,2,0
2017-11-28,1,1,1,1
2017-11-28,0,1,0,0
2017-11-28,0,0,1,0
2017-09-27,0,1,0,0
2017-09-27,0,1,0,0
2017-09-27,0,1,0,0
2017-09-27,0,1,0,0
2017-09-27,0,0,0,1
2017-09-27,7,2,0,6
2017-09-27,0,1,0,0
2017-10-10,0,1,0,0
2017-10-10,0,0,3,0
2017-10-10,0,0,1,0
2017-10-10,0,1,0,0
2017-10-09,0,0,0,1
2017-10-10,0,0,4,0
2017-10-10,0,1,0,0
2017-10-10,0,0,0,1
2017-10-10,0,1,3,0
2017-10-10,0,0,4,0
2017-10-10,1,0,0,0
2017-10-10,1,0,2,0
2017-10-10,0,2,0,0
2017-10-10,0,1,0,3
2017-10-10,0,0,2,0
2017-10-10,0,0,0,1
2017-10-10,0,1,0,0
2017-10-10,0,0,1,0
2017-10-10,2,0,0,0
2017-07-26,0,1,0,0
2017-07-26,0,1,0,0
2017-07-26,0,1,0,0
2017-07-26,0,1,0,0
2017-07-26,0,0,0,1
2017-07-26,0,0,0,2
2017-12-26,0,1,0,0
2017-12-26,0,0,1,0
2017-12-26,1,0,1,1
2017-12-26,0,1,0,0
2017-09-11,3,2,0,0
2017-09-11,2,2,0,0
2017-09-11,4,6,0,0
2017-09-11,0,1,0,0
2017-09-11,3,1,3,0
2017-09-11,0,1,0,0
2017-09-11,0,2,0,0
2017-09-11,0,2,0,0
2017-09-11,8,4,1,0
2017-11-22,1,0,0,0
2017-11-22,2,2,0,0
2017-11-22,0,1,0,0
2017-11-22,0,1,0,0
2017-11-22,0,1,0,0
2017-11-17,0,0,1,0
2017-11-22,0,4,0,0
2017-11-22,0,0,0,4
2017-09-04,0,4,0,0
2017-09-04,0,2,0,0
2017-09-04,0,1,0,0
2017-09-15,0,0,0,1
2017-09-15,1,0,0,2
2017-09-15,0,1,0,0
2017-09-15,0,1,0,0
2017-12-31,0,0,1,0
2017-12-31,0,1,0,0
2017-12-31,1,0,1,0
2017-12-31,0,1,0,0
2017-12-31,0,0,1,0
2017-12-31,0,0,1,0
2017-12-31,0,0,4,0
2017-12-31,0,0,0,1
2017-12-31,0,0,0,1
2017-12-31,0,0,1,0
2017-12-31,4,2,6,0
2017-09-06,0,7,0,0
2017-09-06,0,1,0,0
2017-09-06,1,0,1,0
2017-11-19,0,1,0,0
2017-11-19,0,2,0,0
2017-11-19,0,0,1,0
2017-09-19,0,0,1,0
2017-09-19,0,1,0,0
2017-09-19,0,2,0,0
2017-09-19,0,1,0,0
2017-09-19,0,1,0,0
2017-09-19,0,1,0,0
2017-10-19,0,0,4,0
2017-10-18,0,0,0,1
2017-10-19,0,0,0,1
2017-10-19,0,1,0,0
2017-10-19,0,0,1,0
2017-10-19,0,0,0,1
2017-07-18,0,0,0,1
2017-12-15,0,1,0,0
2017-12-14,0,0,0,1
2017-12-14,0,1,0,0
2017-11-30,0,1,0,0
2017-11-30,0,3,0,0
2017-11-30,0,1,0,0
2017-11-30,0,1,0,0
2017-11-30,0,1,0,0
2017-08-26,1,0,0,1
2017-08-26,0,0,2,0
2017-08-26,0,0,0,1
2017-08-26,0,1,0,0
2017-08-26,0,1,0,0
2017-08-26,0,0,0,1
2017-09-24,0,0,0,1
2017-09-24,0,1,0,0
2017-09-24,0,0,0,1
2017-09-24,0,6,0,0
2017-09-24,0,1,0,0
2017-09-24,0,1,0,0
2017-11-23,1,0,0,0
2017-11-23,0,1,0,0
2017-11-23,0,2,0,0
2017-11-23,0,5,0,0
2017-11-23,0,0,1,1
2017-11-23,0,0,0,1
2017-11-22,0,1,0,0
2017-09-09,0,1,0,0
2017-09-09,0,0,0,1
2017-09-09,0,0,0,1
2017-09-09,0,2,0,0
2017-09-09,0,1,0,0
2017-09-09,0,0,0,1
2017-09-09,10,6,0,0
2017-12-11,0,1,0,0
2017-12-11,0,1,0,0
2017-12-11,0,1,0,0
2017-12-11,0,1,0,0
2017-12-11,0,0,1,0
2017-12-11,0,2,0,0
2017-08-15,0,2,0,0
2017-10-30,0,0,0,1
2017-10-30,0,1,0,11
2017-10-29,0,3,0,0
2017-10-29,0,1,0,0
2017-10-29,0,1,0,0
2017-10-16,0,0,0,1
2017-10-15,0,0,1,0
2017-10-16,0,0,0,1
2017-10-15,0,1,0,0
2017-10-16,0,1,0,0
2017-10-16,0,1,0,0
2017-10-15,6,0,0,0
2017-11-08,0,10,0,0
2017-11-08,0,3,0,0
2017-11-08,0,1,0,0
2017-11-08,0,1,0,0
2017-11-08,0,0,1,0
2017-11-08,0,3,0,0
2017-11-08,0,1,0,0
2017-11-08,0,1,0,0
2017-08-02,0,0,0,1
2017-08-03,0,0,0,1
2017-12-24,0,0,1,0
2017-12-24,1,1,2,0
2017-12-24,2,0,0,0
2017-12-24,0,0,1,0
2017-07-28,0,0,0,1
2017-07-28,0,1,0,0
2017-10-10,0,0,3,0
2017-10-10,1,0,0,0
2017-10-09,0,0,4,0
2017-10-09,0,1,0,0
2017-10-09,0,1,0,0
2017-07-21,0,0,0,1
2017-07-20,0,2,0,0
2017-07-20,1,0,0,0
2017-07-20,0,1,0,0
2017-07-20,0,1,0,0
2017-07-20,0,1,0,0
2017-07-20,0,4,0,0
2017-12-01,1,0,0,0
2017-12-01,0,1,0,0
2017-12-01,0,0,0,1
2017-12-01,0,0,1,0
2017-08-31,3,0,4,0
2017-08-31,1,0,0,0
2017-12-20,0,0,1,0
2017-12-20,0,0,1,0
2017-12-20,0,0,1,0
2017-12-20,0,1,0,0
2017-08-07,0,1,0,0
2017-08-06,0,1,0,0
2017-08-06,0,1,0,0
2017-08-06,0,5,0,0
2017-11-08,0,0,3,0
2017-11-08,2,1,0,0
2017-11-08,0,4,0,0
2017-11-08,0,1,0,0
2017-11-07,0,0,2,0
2017-11-07,0,1,0,0
2017-07-22,0,1,0,0
2017-07-22,0,0,0,2
2017-07-22,0,1,0,0
2017-07-22,0,1,0,0
2017-07-22,0,1,0,0
2017-10-07,2,0,0,0
2017-10-07,0,1,0,0
2017-10-31,0,1,0,0
2017-10-31,0,0,1,0
2017-10-30,0,3,0,0
2017-10-30,0,0,1,0
2017-10-30,0,2,0,0
2017-10-30,0,2,0,0
2017-10-30,0,0,0,1
2017-10-30,0,0,2,0
2017-10-30,0,0,0,2
2017-08-11,0,0,1,0
2017-08-11,0,0,0,1
2017-08-11,0,1,0,0
2017-12-14,0,1,0,0
2017-12-14,0,0,1,0
2017-12-14,0,0,1,0
2017-10-18,0,1,0,0
2017-10-18,0,1,0,0
2017-10-18,0,1,0,0
2017-10-18,0,0,0,1
2017-10-18,0,1,0,0
2017-10-18,0,1,0,0
2017-10-25,0,1,0,0
2017-10-25,0,0,2,0
2017-10-26,0,0,3,0
2017-10-26,0,1,0,0
2017-10-26,0,0,0,1
2017-10-26,0,2,0,0
2017-10-26,0,1,0,0
2017-10-26,0,1,0,0
2017-10-26,2,0,0,1
2017-10-26,0,1,0,0
2017-10-25,0,0,0,2
2017-10-30,0,2,0,0
2017-10-31,0,1,0,0
2017-10-31,0,0,3,0
2017-10-31,0,1,0,0
2017-10-30,0,1,0,0
2017-10-30,0,0,1,0
2017-08-12,0,0,0,6
2017-08-12,0,1,0,0
2017-08-11,0,1,0,0
2017-08-11,0,1,0,0
2017-12-14,0,1,0,0
2017-12-13,0,2,0,0
2017-12-13,0,1,0,0
2017-12-13,0,1,0,0
2017-12-13,0,7,0,0
2017-12-13,1,0,0,0
2017-12-13,0,1,0,0
2017-12-13,0,1,0,0
2017-10-18,0,1,0,0
2017-10-18,0,2,0,0
2017-10-18,0,1,0,0
2017-10-18,0,0,1,0
2017-10-18,0,1,0,0
2017-10-18,0,0,4,0
2017-10-18,0,0,0,2
2017-10-18,0,0,1,0
2017-10-25,0,1,0,0
2017-10-25,0,0,4,0
2017-10-25,0,1,0,0
2017-10-25,0,1,0,0
2017-10-25,0,1,0,0
2017-10-25,0,0,0,1
2017-10-25,0,1,0,0
2017-10-25,0,1,0,0
2017-12-21,1,0,0,0
2017-12-21,0,1,0,0
2017-12-21,0,0,1,0
2017-12-20,0,0,1,0
2017-12-08,0,0,2,0
2017-12-21,0,1,0,0
2017-12-20,0,1,0,0
2017-12-21,0,0,1,0
2017-12-21,0,0,0,1
2017-12-21,0,0,0,1
2017-12-21,0,0,0,1
2017-08-06,0,0,0,1
2017-08-06,0,5,0,0
2017-08-06,0,1,0,0
2017-11-07,0,1,0,0
2017-11-07,0,1,0,0
2017-11-07,0,0,1,0
2017-11-07,0,1,0,0
2017-11-07,0,1,0,0
2017-07-22,0,2,0,0
2017-07-22,0,0,0,1
2017-07-22,0,1,0,0
2017-10-07,0,0,0,1
2017-10-07,0,1,0,0
2017-10-07,0,0,4,0
2017-10-07,1,1,0,0
2017-10-07,0,0,0,1
2017-10-06,0,2,0,0
2017-10-07,0,1,0,0
2017-12-01,0,1,0,0
2017-12-01,0,0,0,1
2017-12-01,0,1,0,0
2017-12-01,1,1,0,0
2017-12-01,0,1,0,0
2017-12-01,0,1,0,0
2017-12-01,0,0,0,1
2017-09-01,2,0,6,0
2017-09-01,0,1,0,0
2017-09-01,1,0,1,0
2017-08-31,3,0,5,0
2017-08-31,13,3,27,0
2017-08-31,0,1,0,0
2017-08-31,0,5,0,0
2017-11-08,0,0,0,1
2017-11-08,0,1,0,0
2017-11-08,0,1,1,0
2017-11-08,0,0,1,0
2017-11-08,0,1,0,0
2017-11-08,0,0,1,0
2017-11-08,0,1,0,0
2017-11-08,0,2,0,0
2017-08-02,0,1,0,0
2017-08-02,0,2,0,0
2017-08-02,0,1,0,0
2017-08-02,1,0,0,0
2017-12-24,0,0,0,1
2017-12-24,0,3,0,0
2017-12-24,0,1,0,0
2017-12-24,0,0,0,2
2017-12-24,1,0,0,0
2017-07-28,0,1,0,0
2017-07-28,0,1,0,0
2017-10-10,0,1,0,0
2017-10-10,1,0,0,0
2017-10-09,0,0,5,0
2017-10-10,0,0,3,0
2017-10-09,0,0,0,2
2017-07-21,0,1,0,0
2017-07-21,0,1,0,0
2017-07-21,0,0,0,1
2017-07-20,0,1,0,0
2017-07-20,0,1,0,0
2017-07-21,0,1,0,0
2017-07-21,0,1,0,0
2017-12-11,1,0,0,0
2017-12-11,1,0,0,0
2017-12-11,0,0,0,1
2017-12-11,0,0,0,1
2017-12-11,0,0,0,1
2017-12-11,4,1,2,0
2017-12-11,0,1,0,0
2017-12-11,0,1,0,0
2017-08-15,0,1,0,0
2017-08-15,0,0,0,1
2017-08-15,6,0,0,0
2017-10-29,0,0,1,0
2017-10-30,0,1,1,0
2017-10-30,0,0,0,1
2017-10-30,0,0,1,0
2017-10-30,0,1,0,0
2017-10-30,0,0,2,0
2017-10-30,0,1,0,0
2017-10-30,0,0,1,1
2017-10-30,0,0,0,1
2017-10-16,1,0,2,0
2017-10-16,0,0,0,1
2017-10-16,0,0,0,1
2017-10-16,0,1,0,0
2017-10-15,0,0,1,0
2017-10-15,0,0,1,0
2017-10-15,0,0,0,1
2017-11-23,0,1,0,0
2017-11-23,0,1,0,0
2017-07-13,0,0,0,2
2017-09-09,6,12,0,0
2017-09-09,1,1,2,0
2017-09-09,1,0,0,0
2017-09-09,0,1,0,0
2017-09-09,0,1,0,0
2017-09-09,0,1,0,0
2017-09-09,5,1,5,0
2017-09-09,0,1,0,5
2017-09-09,2,1,0,0
2017-11-30,0,1,0,0
2017-11-30,0,1,0,1
2017-11-30,0,2,0,0
2017-08-26,0,2,0,0
2017-08-26,0,0,0,2
2017-08-26,1,0,0,0
2017-08-26,0,1,0,0
2017-08-26,64,0,59,0
2017-08-26,0,0,0,2
2017-08-26,0,1,0,0
2017-08-26,0,1,0,0
2017-09-24,0,1,0,0
2017-09-24,0,1,0,0
2017-09-24,1,1,0,0
2017-09-24,0,0,0,1
2017-09-24,0,1,0,0
2017-09-24,0,2,0,0
2017-09-24,0,1,0,0
2017-09-24,0,1,0,0
2017-10-19,0,0,0,1
2017-10-19,0,0,2,0
2017-10-19,0,0,1,0
2017-10-18,0,4,0,0
2017-10-19,1,0,0,0
2017-07-17,0,2,0,0
2017-07-17,0,1,0,0
2017-07-17,0,1,0,0
2017-07-17,0,2,0,0
2017-12-14,0,1,0,0
2017-12-14,0,0,0,1
2017-12-14,0,1,0,0
2017-12-14,0,1,0,0
2017-09-05,2,0,0,0
2017-09-06,3,2,0,0
2017-09-06,0,1,0,0
2017-09-05,0,1,0,0
2017-11-19,1,0,2,1
2017-11-19,0,0,0,1
2017-11-19,0,0,0,2
2017-11-19,0,1,0,0
2017-11-19,0,1,0,0
2017-11-19,0,0,1,0
2017-11-19,0,1,0,0
2017-11-19,0,0,1,0
2017-09-19,20,4,0,4
2017-09-19,0,2,0,0
2017-09-19,4,1,1,3
2017-09-19,1,0,0,0
2017-09-19,0,1,0,0
2017-09-19,0,1,0,0
2017-12-31,0,1,0,0
2017-12-31,1,0,0,0
2017-12-31,0,2,0,0
2017-12-31,0,1,0,0
2017-12-31,0,0,0,1
2017-12-31,0,1,0,0
2017-12-31,0,0,0,2
2017-12-31,0,0,0,2
2017-12-31,0,1,0,0
2017-09-11,5,8,0,0
2017-09-11,0,1,0,0
2017-09-11,1,1,0,0
2017-09-11,0,1,0,0
2017-09-11,2,2,0,0
2017-09-11,0,1,0,0
2017-09-11,4,2,0,0
2017-09-11,0,0,0,1
2017-09-11,0,0,0,1
2017-09-11,0,1,0,0
2017-09-10,4,5,0,0
2017-11-22,0,1,0,0
2017-11-22,0,1,0,0
2017-11-22,0,1,0,0
2017-09-04,3,0,2,0
2017-09-16,0,1,0,0
2017-09-16,0,0,0,1
2017-09-15,0,1,0,0
2017-09-15,0,1,0,0
2017-09-15,0,2,0,0
2017-09-15,0,1,0,0
2017-10-10,0,0,0,11
2017-10-10,0,0,1,0
2017-10-10,0,0,2,0
2017-10-10,0,0,1,0
2017-10-10,0,0,0,1
2017-07-26,3,0,0,0
2017-07-26,0,0,1,0
2017-12-26,0,1,0,0
2017-08-28,2,0,1,0
2017-08-28,0,0,0,1
2017-08-28,0,2,0,0
2017-08-28,5,0,5,0
2017-08-28,0,1,0,0
2017-08-28,1,0,1,0
2017-08-28,0,0,0,1
2017-08-28,2,0,2,0
2017-11-28,0,0,2,0
2017-11-28,1,1,1,0
2017-11-28,0,1,0,0
2017-11-28,0,0,2,0
2017-11-28,0,3,0,0
2017-09-27,1,2,1,0
2017-09-27,0,1,0,0
2017-09-27,0,1,0,0
2017-09-27,1,1,0,0
2017-09-27,0,1,0,0
2017-09-27,3,0,0,1
2017-09-27,0,1,0,0
2017-09-27,0,1,0,0
2017-09-20,0,1,0,0
2017-09-20,2,1,1,1
2017-09-20,0,1,0,0
2017-11-26,0,1,0,0
2017-11-26,0,1,0,0
2017-11-26,0,2,0,0
2017-11-26,0,0,1,0
2017-11-26,0,0,0,1
2017-09-08,1,1,0,0
2017-09-08,0,1,0,0
2017-09-08,12,4,0,0
2017-09-08,1,1,0,0
2017-09-08,0,1,0,0
2017-09-08,0,0,0,1
2017-10-26,0,1,0,0
2017-10-26,0,1,0,0
2017-10-26,0,1,0,0
2017-10-26,0,1,0,0
2017-10-26,0,0,2,0
2017-10-26,0,2,0,0
2017-12-10,0,0,0,1
2017-12-10,0,0,0,1
2017-12-10,0,0,1,0
2017-12-10,0,0,1,0
2017-12-10,0,1,0,0
2017-12-10,0,0,1,0
2017-10-01,1,0,0,0
2017-10-01,0,0,0,1
2017-10-01,0,0,0,2
2017-10-01,1,0,0,1
2017-10-01,0,2,0,0
2017-10-01,0,0,0,1
2017-10-01,0,1,0,0
2017-10-01,0,0,0,1
2017-10-01,0,1,0,0
2017-10-01,0,1,0,0
2017-10-01,0,0,0,1
2017-09-01,0,0,0,2
2017-09-01,0,0,2,0
2017-09-01,5,1,6,0
2017-09-01,0,5,0,0
2017-09-01,9,0,7,0
2017-09-01,6,0,1,0
2017-09-01,0,1,0,0
2017-09-01,0,1,0,0
2017-09-01,8,0,6,0
2017-09-01,0,0,0,1
2017-09-01,0,0,0,1
2017-12-02,0,1,0,0
2017-12-02,0,1,0,0
2017-12-02,0,1,0,0
2017-12-02,0,1,0,0
2017-12-02,0,1,0,0
2017-12-02,0,1,0,0
2017-12-02,0,1,0,0
2017-12-02,0,0,0,1
2017-12-02,0,1,0,0
2017-12-02,0,1,0,0
2017-12-02,1,0,0,0
2017-10-02,0,1,0,0
2017-10-02,4,4,0,0
2017-10-02,0,1,0,0
2017-10-02,0,1,0,0
2017-10-02,0,0,0,1
2017-10-02,0,0,0,2
2017-10-02,0,1,0,0
2017-10-02,0,2,0,0
2017-12-20,1,0,0,0
2017-12-20,0,0,1,0
2017-12-20,3,0,12,0
2017-12-20,0,1,0,0
2017-08-01,0,0,1,0
2017-08-01,0,1,0,0
2017-08-01,0,1,0,0
2017-08-01,0,0,0,1
2017-08-01,0,1,0,0
2017-08-01,0,1,0,0
2017-08-01,0,5,0,0
2017-10-06,0,1,0,1
2017-10-06,0,0,2,0
2017-10-06,0,1,0,0
2017-10-06,0,1,0,0
2017-10-06,0,4,0,0
2017-10-06,5,2,2,0
2017-10-06,0,2,0,0
2017-07-22,0,1,0,0
2017-07-21,0,0,0,1
2017-07-21,0,1,0,0
2017-07-21,0,1,0,0
2017-07-21,0,1,0,0
2017-07-21,0,1,0,0
2017-07-21,1,0,0,0
2017-07-21,0,1,0,0
2017-09-28,4,4,4,3
2017-09-28,0,1,0,0
2017-09-28,2,1,1,1
2017-09-28,0,1,0,0
2017-09-28,1,0,1,0
2017-09-28,1,0,0,0
2017-12-05,0,0,0,2
2017-12-05,0,0,1,0
2017-08-31,0,1,0,0
2017-08-30,1,1,1,0
2017-08-31,0,1,0,0
2017-08-31,0,1,0,0
2017-08-31,0,2,0,0
2017-08-30,4,0,6,0
2017-10-06,0,0,9,0
2017-10-05,0,1,0,0
2017-07-29,0,1,0,0
2017-07-29,0,1,0,0
2017-09-23,0,1,0,1
2017-09-23,0,0,0,2
2017-09-23,0,1,0,0
2017-09-23,0,2,0,0
2017-09-23,0,0,0,1
2017-09-23,0,0,0,2
2017-09-10,3,3,0,0
2017-09-07,8,14,0,0
2017-09-10,0,3,0,0
2017-09-10,0,1,0,0
2017-09-10,0,1,0,0
2017-09-10,1,0,0,0
2017-11-23,0,0,0,1
2017-11-23,0,1,0,0
2017-11-23,0,1,0,0
2017-11-23,0,1,0,0
2017-11-23,0,0,1,0
2017-11-23,0,1,0,0
2017-11-23,2,0,0,0
2017-12-10,0,7,0,0
2017-12-10,4,0,0,0
2017-12-10,0,0,0,1
2017-12-10,0,1,0,0
2017-12-10,0,0,1,0
2017-12-10,0,0,0,1
2017-12-10,2,1,1,1
2017-12-06,0,1,0,0
2017-12-06,0,1,0,0
2017-12-06,0,1,0,0
2017-12-06,0,0,0,1
2017-10-15,0,1,0,0
2017-10-15,0,0,0,2
2017-10-15,0,2,0,0
2017-10-15,0,1,0,0
2017-10-15,0,0,5,0
2017-10-15,0,0,2,0
2017-10-15,0,0,0,1
2017-10-14,0,0,1,0
2017-10-25,0,0,1,0
2017-10-25,0,0,0,1
2017-10-25,0,0,2,0
2017-10-25,0,1,0,0
2017-10-24,0,0,1,0
2017-10-24,0,2,0,0
2017-10-24,0,3,0,0
2017-08-22,0,1,0,0
2017-08-22,0,1,0,0
2017-10-14,0,0,2,0
2017-10-14,0,1,0,0
2017-10-14,0,1,1,0
2017-10-14,3,0,0,0
2017-10-14,0,0,2,0
2017-10-14,0,1,0,1
2017-10-14,0,1,0,0
2017-07-25,0,2,0,0
2017-07-25,0,2,0,0
2017-07-25,0,1,0,0
2017-07-25,0,1,0,0
2017-07-25,0,0,0,1
2017-11-13,0,1,0,0
2017-11-12,1,0,0,0
2017-08-07,0,1,0,0
2017-09-14,0,1,0,0
2017-09-14,0,1,0,0
2017-09-14,4,8,0,0
2017-09-14,0,3,0,0
2017-09-14,3,1,0,0
2017-09-14,1,0,0,0
2017-09-14,0,2,0,0
2017-09-14,1,1,0,0
2017-09-14,1,1,0,0
2017-09-14,0,1,0,0
2017-09-14,0,4,0,0
2017-09-14,0,2,0,0
2017-11-18,0,0,4,0
2017-11-18,0,1,0,0
2017-11-18,0,0,1,0
2017-11-18,0,1,1,0
2017-11-18,0,1,0,0
2017-09-05,0,1,0,0
2017-09-05,0,0,0,1
2017-09-05,0,0,0,1
2017-09-05,1,0,1,0
2017-09-05,0,1,0,0
2017-09-05,2,2,0,0
2017-09-05,0,1,0,0
2017-09-05,0,1,0,0
2017-11-15,0,1,0,0
2017-11-15,0,2,0,1
2017-11-14,0,2,0,0
2017-11-15,0,1,0,0
2017-11-14,0,1,0,0
2017-11-15,1,1,1,1
2017-07-18,0,1,0,0
2017-07-18,1,0,0,0
2017-10-20,0,1,0,0
2017-10-20,0,0,1,0
2017-10-20,1,1,0,0
2017-10-20,0,0,1,0
2017-10-20,0,0,0,1
2017-10-20,0,0,5,0
2017-10-20,0,1,0,0
2017-10-19,0,1,0,0
2017-12-15,0,2,0,0
2017-12-15,1,0,0,0
2017-08-20,0,1,0,0
2017-08-20,0,0,0,1
2017-08-20,0,0,1,0
2017-11-03,0,1,0,0
2017-11-03,0,0,1,0
2017-11-03,0,6,0,0
2017-11-03,0,1,0,0
2017-11-03,0,1,0,0
2017-11-03,0,0,0,1
2017-09-12,3,3,0,0
2017-09-12,0,1,0,1
2017-09-12,0,2,0,0
2017-09-12,0,1,0,1
2017-09-12,0,0,0,1
2017-09-12,0,0,0,1
2017-11-18,0,1,0,0
2017-11-18,0,1,0,0
2017-10-23,0,1,0,0
2017-10-23,0,0,0,1
2017-10-23,0,1,0,0
2017-10-22,0,0,0,2
2017-10-22,0,1,0,0
2017-10-22,0,1,0,0
2017-10-22,1,0,0,0
2017-10-22,0,0,1,0
2017-10-22,0,0,1,0
2017-07-16,4,0,0,0
2017-07-17,0,1,0,0
2017-07-17,1,2,0,0
2017-07-17,0,0,0,1
2017-07-17,1,0,0,0
2017-11-04,0,0,2,0
2017-11-04,0,1,0,0
2017-11-04,0,1,0,0
2017-11-04,0,0,0,1
2017-08-16,0,1,0,0
2017-08-16,0,2,0,0
2017-08-16,0,1,0,0
2017-08-16,0,1,0,0
2017-08-16,0,1,0,0
2017-12-18,0,1,0,0
2017-12-18,0,1,0,0
2017-12-18,0,0,3,0
2017-11-27,0,0,3,0
2017-11-27,1,1,0,0
2017-11-27,0,0,0,2
2017-11-27,0,0,0,1
2017-11-27,0,1,0,0
2017-08-27,0,0,0,1
2017-08-27,0,1,0,0
2017-08-27,4,0,6,0
2017-08-27,3,0,2,0
2017-08-27,0,0,0,1
2017-08-27,1,0,1,0
2017-08-23,0,1,0,0
2017-07-27,0,1,0,0
2017-07-27,0,1,0,0
2017-07-27,0,1,0,0
2017-07-27,0,0,1,0
2017-10-11,0,0,4,0
2017-10-11,0,0,6,0
2017-10-11,0,1,0,0
2017-10-11,0,0,0,1
2017-10-11,0,0,2,0
2017-10-11,0,1,0,0
2017-10-11,0,0,0,1
2017-10-11,0,0,0,1
2017-10-11,4,0,0,0
2017-12-28,0,3,0,0
2017-12-28,0,0,1,0
2017-12-28,1,0,0,0
2017-12-28,0,0,0,1
2017-12-28,0,0,0,1
2017-08-11,0,1,0,0
2017-08-11,0,0,0,1
2017-08-11,0,1,0,0
2017-08-11,0,1,0,0
2017-08-11,0,1,0,0
2017-11-12,0,0,1,0
2017-11-12,0,0,0,1
2017-11-12,0,1,0,0
2017-11-12,0,1,0,0
2017-11-12,0,2,0,0
2017-11-12,0,1,0,0
2017-11-12,0,0,1,1
2017-08-29,0,1,0,0
2017-08-29,0,0,1,0
2017-08-29,2,0,3,0
2017-08-29,0,3,0,0
2017-08-29,1,1,1,1
2017-08-29,0,0,0,3
2017-08-29,0,0,0,2
2017-08-28,0,0,0,13
2017-11-28,0,1,0,0
2017-11-28,0,1,0,0
2017-11-28,0,0,0,8
2017-11-28,0,0,0,1
2017-11-28,0,1,0,0
2017-11-28,0,2,0,0
2017-11-28,0,1,0,0
2017-09-26,3,1,1,0
2017-09-26,0,1,0,0
2017-09-26,0,1,0,0
2017-09-26,1,0,0,1
2017-11-22,0,0,0,1
2017-11-21,0,1,0,0
2017-11-22,0,1,0,0
2017-11-22,0,0,0,1
2017-11-22,0,0,1,0
2017-11-21,0,1,0,0
2017-09-04,0,0,0,4
2017-09-04,0,0,0,1
2017-09-03,1,4,1,1
2017-09-04,0,1,0,0
2017-09-17,0,0,0,1
2017-09-17,3,1,1,0
2017-07-15,0,0,0,1
2017-07-15,0,1,0,0
2017-07-15,0,0,0,6
2017-07-15,0,0,1,0
2017-10-21,1,0,0,3
2017-10-21,0,0,0,1
2017-10-21,0,1,0,0
2017-10-21,0,0,4,0
2017-10-21,0,1,0,0
2017-10-21,0,1,0,0
2017-10-21,0,0,0,1
2017-10-21,0,0,0,3
2017-10-21,0,0,7,0
2017-12-30,0,1,0,0
2017-12-30,1,0,1,1
2017-12-30,0,0,0,1
2017-12-30,0,1,0,0
2017-12-17,1,0,0,0
2017-12-17,0,0,0,1
2017-12-17,0,2,0,0
2017-09-06,0,1,0,0
2017-09-06,4,0,5,0
2017-09-06,0,1,0,0
2017-09-06,12,7,4,0
2017-09-06,0,2,0,0
2017-09-13,0,1,0,0
2017-09-13,1,0,0,0
2017-09-13,3,4,0,0
2017-09-13,0,3,0,0
2017-11-20,0,0,1,0
2017-11-20,2,1,0,1
2017-11-20,0,0,2,0
2017-11-20,4,0,2,0
2017-09-18,0,1,0,0
2017-09-18,1,2,0,2
2017-11-30,0,1,0,0
2017-11-30,0,1,1,0
2017-11-30,0,1,0,0
2017-11-30,0,4,0,0
2017-11-30,0,0,0,1
2017-11-30,0,0,0,1
2017-11-30,0,3,0,0
2017-08-25,8,0,6,0
2017-08-25,0,1,0,0
2017-08-25,0,0,0,1
2017-08-25,0,1,0,0
2017-08-25,0,0,1,0
2017-08-25,0,0,0,1
2017-08-25,0,1,0,0
2017-09-25,0,2,0,0
2017-09-25,0,0,1,0
2017-09-25,0,0,0,1
2017-09-25,0,1,0,0
2017-07-24,0,1,0,0
2017-07-24,0,1,0,0
2017-10-12,0,0,0,1
2017-10-12,3,0,3,1
2017-10-12,0,1,0,0
2017-10-12,0,0,0,1
2017-10-12,0,0,0,2
2017-10-12,0,0,2,0
2017-10-12,0,0,0,1
2017-10-12,0,0,2,0
2017-10-12,0,0,2,0
2017-10-12,0,0,1,0
2017-10-12,0,1,0,0
2017-10-12,0,4,0,0
2017-08-14,0,2,0,0
2017-08-13,0,0,0,2
2017-08-14,0,1,0,0
2017-10-28,0,1,0,1
2017-10-28,0,0,0,2
2017-10-28,0,0,1,0
2017-10-28,0,1,0,0
2017-10-28,0,1,0,0
2017-10-28,0,0,2,0
2017-10-28,0,2,0,0
2017-10-27,4,0,3,0
2017-10-28,0,1,0,0
2017-10-27,0,0,0,1
2017-12-12,1,0,0,1
2017-12-12,0,0,0,1
2017-12-12,1,0,0,0
2017-12-11,0,1,0,0
2017-12-11,0,0,1,0
2017-12-10,0,2,0,0
2017-10-24,0,0,1,0
2017-10-24,0,1,0,0
2017-10-24,0,1,0,0
2017-10-23,0,1,0,0
2017-10-16,0,1,0,0
2017-10-16,0,1,5,0
2017-10-16,0,1,0,0
2017-10-16,0,0,1,0
2017-10-16,1,0,0,1
2017-10-16,0,2,0,0
2017-10-16,0,1,0,0
2017-10-16,1,0,0,0
2017-10-16,0,2,0,0
2017-10-16,0,1,0,0
2017-10-16,0,0,3,0
2017-10-16,0,0,0,1
2017-08-30,2,0,2,0
2017-08-29,0,1,0,0
2017-08-29,0,1,0,0
2017-08-29,0,0,0,1
2017-08-29,0,0,0,1
2017-08-29,1,0,1,0
2017-08-29,1,0,2,0
2017-08-29,2,0,11,0
2017-08-29,0,0,0,1
2017-12-04,0,1,0,0
2017-12-03,0,0,0,1
2017-12-03,0,1,0,0
2017-12-23,0,0,0,1
2017-12-23,1,0,0,0
2017-12-23,0,0,0,1
2017-11-10,0,0,1,0
2017-11-10,0,0,0,1
2017-11-10,0,3,0,0
2017-08-04,0,1,0,0
2017-08-04,0,0,3,0
2017-10-09,0,0,4,0
2017-10-09,1,1,0,0
2017-10-09,0,0,1,0
2017-10-09,0,0,4,0
2017-10-09,0,0,1,0
2017-10-09,0,1,0,0
2017-07-20,0,0,0,2
2017-07-20,0,1,0,0
2017-07-20,0,1,0,0
2017-07-20,0,0,3,0
2017-08-05,2,0,0,0
2017-08-05,0,0,0,1
2017-11-06,0,1,0,0
2017-11-06,0,0,1,0
2017-11-06,0,2,0,0
2017-11-06,0,0,0,1
2017-11-06,0,0,0,1
2017-11-06,0,0,0,1
2017-11-06,0,0,1,0
2017-11-06,0,1,0,0
2017-11-06,0,0,0,1
2017-12-21,3,0,0,0
2017-12-21,0,1,0,0
2017-07-23,0,2,4,0
2017-07-31,0,2,0,0
2017-07-31,0,2,0,0
2017-07-31,0,2,0,0
2017-10-07,0,0,0,1
2017-10-07,0,0,8,0
2017-10-07,0,0,2,0
2017-10-07,11,2,3,2
2017-10-07,0,0,4,0
2017-10-07,0,0,1,0
2017-10-07,0,0,0,1
2017-09-07,20,7,2,0
2017-09-07,3,1,1,0
2017-09-07,6,3,0,0
2017-09-07,5,1,2,0
2017-09-06,212,145,8,0
2017-11-25,0,2,0,0
2017-11-25,1,0,0,0
2017-11-25,0,0,1,0
2017-11-25,0,2,0,0
2017-11-25,0,0,0,1
2017-12-13,0,3,0,0
2017-12-13,0,0,1,1
2017-10-31,0,0,1,0
2017-11-01,0,0,0,1
2017-11-01,8,0,0,5
2017-11-01,0,0,0,3
2017-11-01,0,1,0,0
2017-11-01,0,0,1,0
2017-11-01,0,1,0,0
2017-11-01,0,0,0,1
2017-11-01,0,1,0,0
2017-08-13,0,2,0,0
2017-08-13,0,0,0,1
2017-08-13,1,0,0,0
2017-10-18,1,0,0,0
2017-10-18,1,0,0,1
2017-10-18,0,1,0,0
2017-10-18,0,0,1,0
2017-10-18,0,1,0,0
2017-10-18,0,0,1,0
2017-07-27,0,1,0,0
2017-07-27,0,1,0,0
2017-07-27,0,1,0,0
2017-10-12,0,0,1,0
2017-10-12,0,0,2,0
2017-10-12,0,0,3,0
2017-10-12,0,1,0,0
2017-10-12,0,0,2,0
2017-10-11,1,0,0,0
2017-10-11,0,1,0,0
2017-10-11,0,1,0,0
2017-10-11,0,0,0,1
2017-10-11,0,0,1,0
2017-10-11,0,0,1,1
2017-08-09,0,2,0,0
2017-08-10,0,0,0,1
2017-08-10,0,0,0,4
2017-08-09,1,0,0,0
2017-11-10,0,1,0,0
2017-11-10,0,1,0,0
2017-12-28,0,1,0,0
2017-12-28,9,2,3,1
2017-12-28,4,1,1,1
2017-12-28,0,1,0,0
2017-12-28,0,0,1,0
2017-12-28,0,1,0,0
2017-08-24,0,0,1,0
2017-08-24,0,0,1,0
2017-10-22,0,0,5,0
2017-10-22,0,0,0,1
2017-10-22,1,0,0,0
2017-10-22,0,0,0,1
2017-10-22,0,0,1,0
2017-10-22,1,0,0,0
2017-10-22,0,1,0,0
2017-10-22,0,0,1,0
2017-07-16,0,3,0,0
2017-07-16,0,0,0,1
2017-07-16,1,0,0,0
2017-07-16,0,0,0,1
2017-12-18,0,0,3,0
2017-12-18,0,1,0,0
2017-12-18,0,0,0,1
2017-12-18,0,1,0,0
2017-12-18,0,1,0,0
2017-12-18,0,0,0,1
2017-12-18,0,0,0,1
2017-12-29,0,0,2,0
2017-12-29,1,0,0,0
2017-12-29,0,0,0,1
2017-12-29,0,0,0,1
2017-12-29,0,0,1,0
2017-12-29,1,0,0,0
2017-11-05,0,1,0,0
2017-11-05,0,1,0,0
2017-11-05,0,0,1,0
2017-11-04,0,3,0,0
2017-11-05,0,0,2,0
2017-11-05,0,1,0,0
2017-11-05,0,1,0,0
2017-11-05,1,0,0,0
2017-11-05,0,2,0,0
2017-11-05,0,1,0,0
2017-11-05,0,0,1,0
2017-08-17,0,1,0,0
2017-08-17,0,0,0,1
2017-08-17,0,1,0,0
2017-09-03,1,1,3,0
2017-09-03,0,1,0,0
2017-09-03,0,3,0,0
2017-09-03,0,0,1,0
2017-09-03,0,1,0,0
2017-09-03,0,1,0,0
2017-09-13,0,1,0,0
2017-09-13,6,4,0,0
2017-09-12,0,0,0,1
2017-09-12,2,2,0,0
2017-09-12,0,2,1,0
2017-09-12,0,0,0,1
2017-09-12,2,4,0,0
2017-09-12,1,0,0,0
2017-09-12,0,2,0,0
2017-11-21,0,0,1,0
2017-11-21,0,0,1,0
2017-11-21,0,1,0,0
2017-11-21,0,1,0,0
2017-11-17,0,0,1,0
2017-11-16,0,1,0,0
2017-11-17,0,0,1,0
2017-11-16,0,2,0,1
2017-11-16,0,1,0,0
2017-11-16,0,1,0,0
2017-11-16,0,1,0,0
2017-11-16,0,1,0,0
2017-11-16,0,0,1,0
2017-11-16,0,0,1,0
2017-11-16,0,0,0,1
2017-07-19,1,0,0,1
2017-07-19,0,2,0,0
2017-07-19,2,0,0,0
2017-10-20,0,1,0,0
2017-10-20,0,0,1,0
2017-10-20,0,1,0,0
2017-10-20,0,1,0,0
2017-10-20,0,0,0,2
2017-10-19,0,0,0,1
2017-10-20,0,0,1,0
2017-10-20,0,1,0,0
2017-08-18,0,1,0,0
2017-08-18,0,0,0,1
2017-08-18,0,3,0,0
2017-11-01,0,1,0,0
2017-11-01,0,0,1,0
2017-11-01,0,0,1,0
2017-11-01,0,1,0,0
2017-11-01,0,0,1,0
2017-11-01,0,0,1,0
2017-11-01,0,1,0,0
2017-11-01,0,3,0,0
2017-12-16,0,1,0,0
2017-12-16,0,1,0,0
2017-12-16,0,0,1,0
2017-09-14,5,1,1,0
2017-09-14,1,0,1,0
2017-09-14,0,1,0,0
2017-09-14,0,1,0,0
2017-09-14,0,0,1,0
2017-09-14,0,1,0,0
2017-09-14,0,1,0,0
2017-09-14,0,1,0,0
2017-11-15,0,3,0,0
2017-11-16,0,1,0,0
2017-11-16,0,1,0,0
2017-10-13,0,0,3,0
2017-10-13,0,0,1,0
2017-10-11,0,0,0,1
2017-10-13,0,0,4,0
2017-10-13,0,0,1,0
2017-10-13,0,1,0,0
2017-10-13,0,1,0,0
2017-10-13,0,0,3,0
2017-10-13,0,0,2,0
2017-10-13,1,0,0,0
2017-10-13,0,0,0,1
2017-07-25,1,0,0,0
2017-07-25,0,1,0,0
2017-07-25,0,1,0,0
2017-07-25,0,1,0,0
2017-07-25,0,1,0,0
2017-07-25,0,1,0,0
2017-07-25,0,1,0,0
2017-11-14,0,0,1,0
2017-11-14,0,1,0,0
2017-11-14,0,1,0,0
2017-11-14,1,0,0,0
2017-11-14,0,1,0,0
2017-08-09,0,1,0,0
2017-08-09,0,1,0,0
2017-08-09,0,2,0,0
2017-08-08,0,1,0,0
2017-08-09,0,0,1,0
2017-08-25,0,1,0,0
2017-08-25,0,2,0,0
2017-08-25,0,0,0,1
2017-08-25,0,1,0,0
2017-08-25,0,0,0,1
2017-08-25,1,0,0,0
2017-11-29,0,1,0,0
2017-11-29,0,0,1,0
2017-11-29,0,1,0,0
2017-11-29,0,1,0,0
2017-11-29,1,1,0,0
2017-11-29,0,0,1,0
2017-11-29,0,1,0,0
2017-08-21,0,0,0,1
2017-08-19,0,1,0,0
2017-10-24,0,0,2,0
2017-10-24,0,0,0,1
2017-10-24,0,0,1,0
2017-10-24,0,0,2,0
2017-10-24,0,1,0,0
2017-10-24,0,0,1,0
2017-12-07,0,0,1,0
2017-12-07,0,0,1,0
2017-12-07,0,1,1,0
2017-12-07,0,0,2,0
2017-12-07,0,0,1,0
2017-12-07,0,4,0,0
2017-12-07,0,1,0,0
2017-12-07,0,0,0,1
2017-12-07,0,0,1,0
2017-12-07,0,1,0,0
2017-09-22,0,1,0,0
2017-09-22,0,1,0,0
2017-09-22,0,0,0,1
2017-09-11,0,1,0,0
2017-09-11,5,5,0,0
2017-09-11,1,2,1,0
2017-09-10,1,1,0,0
2017-09-10,0,0,0,1
2017-11-24,0,0,0,7
2017-11-24,0,5,0,0
2017-11-24,0,1,0,0
2017-11-24,6,0,5,0
2017-10-05,0,0,0,1
2017-10-04,0,1,0,0
2017-12-22,0,1,0,0
2017-12-22,0,0,0,1
2017-12-22,0,0,1,0
2017-12-22,0,0,0,1
2017-07-19,0,1,0,0
2017-07-19,0,1,0,0
2017-07-19,0,0,1,0
2017-07-19,0,1,0,0
2017-07-30,0,1,0,0
2017-07-30,0,1,0,0
2017-07-30,0,1,0,0
2017-07-29,0,1,0,0
2017-10-08,0,0,0,1
2017-10-08,0,0,0,4
2017-10-08,0,1,0,0
2017-10-08,0,1,0,0
2017-10-08,0,1,0,0
2017-10-08,0,0,0,1
2017-10-08,0,1,0,0
2017-10-07,0,0,0,1
2017-09-29,2,1,0,1
2017-09-29,0,1,0,0
2017-09-29,0,1,0,0
2017-09-29,1,0,0,0
2017-09-29,0,1,0,0
2017-09-29,0,1,0,0
2017-12-04,0,0,1,0
2017-12-04,0,4,0,0
2017-12-04,0,1,0,0
2017-12-04,0,5,0,0
2017-08-30,0,1,0,0
2017-08-30,2,0,1,0
2017-08-30,0,1,0,0
2017-08-30,0,0,0,1
2017-08-30,0,1,0,0
2017-10-04,1,0,0,0
2017-10-04,0,0,0,1
2017-10-04,11,0,0,4
2017-10-04,0,1,0,0
2017-10-04,0,1,0,0
2017-10-04,0,0,2,0
2017-07-31,0,0,1,0
2017-07-31,0,0,0,1
2017-09-30,0,1,0,0
2017-09-30,0,0,0,1
2017-09-30,0,1,0,0
2017-09-30,0,1,0,0
2017-09-30,0,0,0,1
2017-09-30,0,0,0,1
2017-09-30,0,0,0,1
2017-09-02,0,1,0,0
2017-09-02,0,1,0,1
2017-09-02,0,1,0,0
2017-09-01,2,0,2,0
2017-09-01,1,0,1,0
2017-12-03,0,1,0,0
2017-12-03,1,0,0,0
2017-12-03,0,1,0,0
2017-12-03,0,0,1,0
2017-12-12,0,1,0,0
2017-12-12,0,0,0,1
2017-12-12,0,1,0,0
2017-12-12,1,0,0,0
2017-12-12,0,1,0,0
2017-12-12,0,0,1,0
2017-12-12,0,1,0,0
2017-12-12,0,0,0,1
2017-12-08,0,1,0,0
2017-12-08,3,2,1,0
2017-12-08,0,1,0,0
2017-12-08,1,0,0,0
2017-12-08,0,1,0,0
2017-10-27,0,1,0,0
2017-10-27,1,0,1,1
2017-10-27,0,0,1,0
2017-10-27,0,0,2,0
2017-10-27,1,0,1,0
2017-10-27,0,0,2,0
2017-10-27,0,0,1,0
2017-10-27,0,0,1,0
2017-10-17,0,1,0,0
2017-10-17,0,1,0,0
2017-10-17,0,1,0,0
2017-10-17,0,0,0,1
2017-10-17,0,0,1,0
2017-10-17,0,0,1,0
2017-09-21,0,1,0,0
2017-09-21,1,1,1,1
2017-09-21,1,0,0,0
2017-09-21,0,0,0,1
2017-09-21,0,0,0,1
2017-09-21,0,2,0,0
2017-09-21,0,0,1,0
2017-09-21,0,1,0,0
2017-11-26,0,1,0,1
2017-11-26,0,0,1,0
2017-11-26,0,1,5,0
2017-11-26,0,0,0,1
2017-11-26,0,0,2,0
2017-11-26,0,0,1,0
2017-11-26,0,1,0,0
2017-11-26,9,4,0,2
2017-11-26,0,0,0,1
2017-09-08,0,1,0,0
2017-09-08,0,0,3,0
2017-09-08,1,0,0,0
2017-09-08,0,1,0,0
2017-09-08,0,0,0,1
2017-09-08,8,3,3,0
2017-09-21,0,0,0,1
2017-09-21,4,2,1,0
2017-09-21,3,0,0,2
2017-09-21,0,0,1,0
2017-09-21,0,2,0,0
2017-09-21,0,0,0,3
2017-11-26,0,0,0,2
2017-11-26,0,0,0,1
2017-11-26,0,1,0,0
2017-11-26,2,0,0,0
2017-09-08,3,4,0,0
2017-09-08,0,0,1,0
2017-09-08,0,1,0,0
2017-09-08,0,0,1,0
2017-09-08,4,0,4,0
2017-09-08,3,4,0,0
2017-09-08,0,0,2,0
2017-12-12,1,0,0,0
2017-12-12,0,0,3,0
2017-12-12,0,2,0,0
2017-12-12,0,1,0,0
2017-12-12,0,1,0,0
2017-12-12,0,0,1,0
2017-12-12,0,1,0,0
2017-12-12,0,0,0,1
2017-12-12,0,3,0,0
2017-12-12,0,1,0,0
2017-12-12,0,1,0,0
2017-12-12,0,1,0,0
2017-12-12,0,1,1,0
2017-12-08,1,1,1,0
2017-12-08,0,1,0,0
2017-12-08,0,0,1,0
2017-12-08,1,2,0,0
2017-12-08,0,1,0,0
2017-12-08,0,0,0,1
2017-12-08,0,1,0,0
2017-12-08,0,0,0,2
2017-12-08,0,0,0,2
2017-12-08,0,0,1,0
2017-12-08,0,1,0,0
2017-10-27,0,0,1,0
2017-10-27,0,1,0,0
2017-10-27,0,1,0,0
2017-10-26,0,1,0,0
2017-10-27,0,1,0,0
2017-10-26,0,0,0,1
2017-10-27,0,1,1,0
2017-10-26,0,0,11,0
2017-10-27,0,0,2,0
2017-10-27,0,1,0,0
2017-10-17,0,0,0,1
2017-10-17,0,0,1,0
2017-10-17,0,0,1,0
2017-10-17,0,0,1,0
2017-10-16,3,1,0,0
2017-10-17,0,0,1,0
2017-10-16,0,1,0,0
2017-09-30,5,1,0,3
2017-09-30,0,1,0,0
2017-09-30,0,1,0,0
2017-09-30,0,1,0,0
2017-09-30,0,0,0,1
2017-09-30,0,0,0,1
2017-09-30,2,0,0,0
2017-09-30,0,0,2,0
2017-09-02,0,0,0,1
2017-09-02,5,2,2,1
2017-09-02,2,0,5,0
2017-09-02,0,2,0,0
2017-09-02,0,0,1,0
2017-09-02,0,0,0,1
2017-09-02,0,0,1,0
2017-09-02,8,0,5,0
2017-09-02,0,0,0,2
2017-09-02,0,0,0,1
2017-12-03,0,0,0,2
2017-12-03,0,2,0,0
2017-10-03,9,1,1,5
2017-10-04,0,1,0,0
2017-10-03,0,1,0,0
2017-10-03,1,0,0,1
2017-10-03,0,1,0,0
2017-10-03,0,0,0,1
2017-10-03,0,1,0,0
2017-08-01,0,0,1,0
2017-08-01,0,0,1,0
2017-08-01,0,1,0,0
2017-09-29,0,0,0,2
2017-09-29,0,1,0,0
2017-09-29,0,0,0,1
2017-09-29,0,1,0,0
2017-09-29,0,0,0,1
2017-12-05,0,1,0,0
2017-12-05,0,0,0,2
2017-12-05,0,0,0,1
2017-12-04,0,0,0,1
2017-12-05,0,1,3,0
2017-12-05,0,1,0,0
2017-12-04,0,0,0,1
2017-12-04,0,1,0,0
2017-08-31,1,0,1,0
2017-08-31,0,1,0,0
2017-08-30,3,0,8,0
2017-08-30,0,0,0,2
2017-08-30,0,0,2,0
2017-08-30,2,0,2,0
2017-10-04,0,0,0,1
2017-10-04,1,0,0,0
2017-10-04,1,0,1,0
2017-10-04,0,1,0,0
2017-10-04,1,0,0,0
2017-10-04,0,1,0,0
2017-10-04,9,2,2,0
2017-10-04,0,1,0,0
2017-12-22,0,1,0,0
2017-12-22,0,0,0,3
2017-12-22,0,2,0,0
2017-12-22,0,0,0,2
2017-12-22,0,0,0,2
2017-12-22,0,0,0,1
2017-12-22,0,0,0,1
2017-07-20,0,1,0,0
2017-07-30,0,3,0,0
2017-07-29,0,1,0,0
2017-07-30,0,0,0,2
2017-07-30,0,1,0,0
2017-07-30,0,1,0,0
2017-07-30,1,0,0,0
2017-10-08,0,0,6,0
2017-10-09,0,1,0,0
2017-10-08,0,1,0,0
2017-10-08,0,1,0,0
2017-10-08,1,0,0,0
2017-10-08,0,1,0,0
2017-10-07,0,0,0,1
2017-10-08,0,0,3,0
2017-09-22,0,1,0,2
2017-09-21,0,1,0,0
2017-09-22,0,2,0,0
2017-09-22,4,2,0,2
2017-09-22,0,2,0,0
2017-09-10,0,1,0,0
2017-09-10,0,1,0,0
2017-09-10,2,5,0,0
2017-09-10,1,1,0,0
2017-09-10,0,2,0,0
2017-09-10,0,1,0,0
2017-11-24,0,1,0,0
2017-11-24,0,0,1,0
2017-10-24,0,1,0,0
2017-10-24,0,2,0,0
2017-10-24,1,1,0,0
2017-10-24,0,0,1,0
2017-10-24,0,1,0,0
2017-10-24,0,0,1,0
2017-10-24,0,2,0,0
2017-10-24,0,0,1,2
2017-10-24,0,1,0,0
2017-10-24,0,1,0,0
2017-10-24,1,2,1,0
2017-10-24,0,0,0,1
2017-12-07,0,1,1,0
2017-12-07,0,2,0,0
2017-12-07,0,1,0,0
2017-12-07,0,3,0,0
2017-12-07,0,1,0,0
2017-08-25,0,0,2,0
2017-08-25,0,0,0,1
2017-08-25,1,0,0,0
2017-08-25,0,1,0,0
2017-08-25,16,0,7,0
2017-11-29,0,1,0,0
2017-11-29,0,1,0,0
2017-11-29,0,0,1,0
2017-11-29,1,0,0,0
2017-11-29,0,1,0,0
2017-11-29,0,5,0,0
2017-11-29,0,2,0,0
2017-11-29,0,0,1,0
2017-11-29,0,0,2,0
2017-08-20,0,0,0,1
2017-08-21,0,0,0,1
2017-08-21,0,1,0,0
2017-08-21,0,1,0,0
2017-08-21,0,1,0,0
2017-10-13,0,0,0,1
2017-10-13,0,0,1,0
2017-10-13,1,0,0,0
2017-10-13,0,1,0,0
2017-10-13,1,1,0,0
2017-10-13,0,1,0,0
2017-10-13,0,0,1,0
2017-10-13,0,2,0,0
2017-10-13,3,1,1,0
2017-07-25,0,1,0,0
2017-07-25,0,1,0,0
2017-07-25,0,1,0,0
2017-07-25,0,1,0,0
2017-07-25,0,1,0,0
2017-07-25,0,1,0,0
2017-11-14,0,1,0,0
2017-11-14,0,0,1,0
2017-11-14,0,1,0,0
2017-08-09,0,1,0,0
2017-08-09,0,1,0,0
2017-08-08,0,1,0,0
2017-08-08,1,0,0,0
2017-08-08,0,2,0,1
2017-09-14,0,0,4,0
2017-09-14,0,1,0,0
2017-09-14,0,1,0,0
2017-09-14,0,1,0,0
2017-11-16,0,1,0,0
2017-11-16,0,1,0,0
2017-11-16,0,1,0,0
2017-11-16,0,0,1,0
2017-07-18,0,1,0,0
2017-07-19,0,1,0,0
2017-07-19,0,1,0,0
2017-07-19,1,0,0,0
2017-10-20,0,0,4,0
2017-10-20,0,0,2,0
2017-10-20,0,0,1,0
2017-10-20,0,0,1,0
2017-10-20,0,0,0,1
2017-08-18,0,2,0,0
2017-08-18,0,1,0,0
2017-08-18,0,1,0,0
2017-08-18,0,0,0,1
2017-11-02,0,0,0,1
2017-11-02,1,0,0,0
2017-11-02,0,1,0,0
2017-11-02,0,0,0,1
2017-11-01,1,0,1,0
2017-11-02,1,0,1,0
2017-11-02,0,1,0,0
2017-12-15,0,1,0,0
2017-12-15,0,1,0,0
2017-12-15,0,3,0,0
2017-12-15,0,1,1,0
2017-12-15,0,0,2,0
2017-12-15,0,1,0,0
2017-09-03,1,3,1,0
2017-09-03,0,0,2,0
2017-09-03,0,1,0,0
2017-09-12,2,5,0,0
2017-09-12,5,9,0,0
2017-09-12,0,1,0,1
2017-09-12,0,1,0,0
2017-09-12,1,1,0,1
2017-09-12,10,5,0,0
2017-09-12,0,1,0,0
2017-09-12,3,4,4,0
2017-09-12,0,1,0,0
2017-09-12,3,1,0,0
2017-11-21,0,0,0,1
2017-11-21,0,1,0,0
2017-11-21,1,0,0,1
2017-11-21,0,0,1,0
2017-11-21,0,0,1,0
2017-11-20,0,0,1,0
2017-11-17,1,0,0,0
2017-11-17,0,1,0,0
2017-11-17,0,0,1,0
2017-10-22,0,1,2,0
2017-10-22,0,0,1,0
2017-10-22,0,1,0,0
2017-07-16,0,1,0,0
2017-07-16,0,1,0,0
2017-07-16,0,0,0,1
2017-12-18,0,0,1,0
2017-12-17,0,0,0,1
2017-12-17,0,1,0,0
2017-12-17,0,1,0,0
2017-12-17,0,0,1,0
2017-11-05,0,1,0,0
2017-11-04,0,0,1,0
2017-11-05,0,1,0,0
2017-11-05,0,0,0,1
2017-11-05,0,5,0,0
2017-11-05,0,1,0,0
2017-11-05,0,1,1,0
2017-12-29,0,1,0,0
2017-12-29,0,1,0,0
2017-12-29,1,0,0,0
2017-12-29,0,0,0,4
2017-12-29,4,0,1,0
2017-12-29,0,0,0,1
2017-12-29,0,3,0,0
2017-12-29,1,0,0,0
2017-08-18,0,1,0,0
2017-08-18,0,1,0,0
2017-08-17,0,2,0,5
2017-08-18,0,1,0,0
2017-08-24,0,0,0,1
2017-08-24,0,2,0,0
2017-07-28,0,0,0,1
2017-07-27,0,1,0,1
2017-07-28,0,1,0,0
2017-07-27,0,0,0,3
2017-07-27,0,1,0,0
2010-08-26,0,2,0,0
2017-10-12,0,1,0,0
2017-10-12,0,1,0,0
2017-10-12,0,0,4,0
2017-10-12,3,1,0,4
2017-10-12,0,0,0,1
2017-10-12,0,2,0,0
2017-10-12,0,0,2,0
2017-08-09,0,0,1,0
2017-08-09,0,1,0,0
2017-11-10,0,0,0,1
2017-11-10,0,0,1,1
2017-11-10,0,0,3,0
2017-12-28,0,0,1,0
2017-12-28,0,2,0,0
2017-12-28,0,1,0,0
2017-12-13,0,1,0,0
2017-12-13,1,0,0,0
2017-12-13,0,1,0,0
2017-12-13,5,0,4,0
2017-12-13,0,0,1,0
2017-11-01,3,2,0,0
2017-11-01,0,2,1,0
2017-11-01,0,1,0,0
2017-11-01,0,1,0,0
2017-08-13,0,0,0,1
2017-08-13,0,0,0,1
2017-10-18,0,0,1,0
2017-10-18,0,1,0,0
2017-10-17,0,0,1,0
2017-09-04,0,0,1,0
2017-09-07,0,1,0,0
2017-09-07,2,0,1,0
2017-09-07,0,3,0,0
2017-09-07,0,1,0,0
2017-11-25,0,1,0,0
2017-11-25,1,0,0,2
2017-11-25,0,0,2,0
2017-11-25,0,0,0,1
2017-11-25,0,1,0,0
2017-08-04,0,0,1,0
2017-08-04,0,1,0,0
2017-11-06,0,0,1,0
2017-11-06,0,1,0,0
2017-11-06,0,0,1,0
2017-11-05,1,0,1,0
2017-11-06,1,0,0,0
2017-11-06,0,0,1,0
2017-11-06,0,1,0,0
2017-11-06,0,1,0,0
2017-12-21,0,1,1,0
2017-12-21,1,1,2,1
2017-12-21,0,1,0,0
2017-12-21,0,2,0,0
2017-12-21,0,1,0,0
2017-12-21,0,1,0,0
2017-12-21,0,1,0,0
2017-12-21,0,0,1,0
2017-12-21,0,0,0,1
2017-12-21,0,0,1,0
2017-07-23,0,1,0,0
2017-07-23,0,1,0,0
2017-07-23,0,0,0,1
2017-07-23,0,4,0,0
2017-07-31,0,0,0,1
2017-07-31,0,1,0,0
2017-07-31,0,1,0,0
2017-10-08,1,0,0,0
2017-10-08,0,1,0,0
2017-10-07,0,1,0,0
2017-10-08,0,0,3,0
2017-10-07,0,1,0,0
2017-10-07,0,1,0,0
2017-10-07,0,0,0,1
2017-10-07,0,0,0,1
2017-10-07,0,1,0,0
2017-10-07,0,0,6,0
2017-10-07,0,1,0,0
2017-10-07,0,0,0,1
2017-12-23,0,1,0,0
2017-12-23,1,1,0,0
2017-12-23,0,0,0,1
2017-12-23,0,0,0,3
2017-12-23,0,1,0,1
2017-12-23,0,2,0,0
2017-12-23,0,1,0,0
2017-12-23,0,0,0,1
2017-11-09,0,0,1,0
2017-11-09,0,1,0,0
2017-11-09,0,1,0,0
2017-11-09,1,0,0,0
2017-08-04,0,1,0,0
2017-08-04,0,1,0,0
2017-08-04,0,0,2,0
2017-08-04,0,1,0,0
2017-08-04,0,0,0,2
2017-08-04,0,1,0,0
2017-10-09,0,1,0,0
2017-10-09,6,0,0,2
2017-10-09,0,1,0,0
2017-10-09,0,0,2,0
2017-10-09,0,0,1,0
2017-10-09,0,1,0,0
2017-10-09,0,0,0,2
2017-10-09,1,0,0,0
2017-10-09,0,0,5,0
2017-10-09,0,1,0,0
2017-07-20,0,1,0,0
2017-08-30,0,0,0,2
2017-08-30,1,0,1,0
2017-08-30,12,0,12,0
2017-08-29,0,0,1,0
2017-08-30,1,0,5,0
2017-08-30,2,0,3,0
2017-12-03,0,1,0,0
2017-12-04,0,0,1,0
2017-12-04,0,1,0,0
2017-12-04,0,0,1,0
2017-08-13,0,1,0,0
2017-08-14,0,1,0,0
2017-10-28,0,1,1,0
2017-10-28,0,0,1,0
2017-10-28,0,0,0,1
2017-10-28,0,1,0,0
2017-10-28,0,0,1,0
2017-10-28,0,0,2,0
2017-10-28,0,1,2,0
2017-10-27,0,0,1,0
2017-12-11,0,2,0,0
2017-12-11,0,1,0,0
2017-12-11,0,2,0,0
2017-12-11,0,0,0,2
2017-12-11,0,1,0,0
2017-12-11,0,1,0,0
2017-12-11,0,0,1,0
2017-10-23,0,1,0,0
2017-10-23,0,0,2,0
2017-10-23,0,1,0,0
2017-10-23,0,1,0,0
2017-10-23,0,0,0,1
2017-10-23,0,1,0,0
2017-10-23,0,1,0,0
2017-10-23,0,1,0,0
2017-10-23,0,0,1,0
2017-10-16,0,1,0,0
2017-10-15,0,0,7,0
2017-10-16,1,0,0,2
2017-10-16,0,0,1,0
2017-10-16,0,0,2,0
2017-10-16,0,0,1,0
2017-10-16,0,1,0,0
2017-10-16,0,1,0,0
2017-10-16,0,0,1,0
2017-10-16,0,0,5,0
2017-10-16,1,0,0,0
2017-10-13,0,0,0,1
2017-10-13,0,1,3,0
2017-10-13,0,0,1,0
2017-10-13,0,1,0,0
2017-10-13,0,0,1,0
2017-10-13,0,1,0,0
2017-10-13,0,0,1,0
2017-10-12,0,1,0,0
2017-11-30,0,1,0,0
2017-11-30,0,1,0,0
2017-11-30,0,0,1,0
2017-11-30,0,0,0,1
2017-11-30,0,1,0,0
2017-11-30,0,1,0,0
2017-11-30,2,0,0,0
2017-11-30,0,0,1,0
2017-08-26,3,1,1,0
2017-08-26,0,1,0,0
2017-08-26,0,1,0,0
2017-09-25,0,1,0,0
2017-09-25,0,0,0,1
2017-09-25,1,0,0,0
2017-09-25,0,0,0,1
2017-09-25,0,1,0,0
2017-09-25,3,0,0,1
2017-09-25,0,0,1,0
2017-09-06,1,1,0,0
2017-09-06,2,7,0,0
2017-09-06,0,0,1,0
2017-09-06,0,1,0,0
2017-09-06,3,0,4,0
2017-09-06,0,1,0,0
2017-09-13,1,0,0,0
2017-09-11,4,5,0,0
2017-09-13,4,4,2,0
2017-09-13,0,0,2,0
2017-11-20,0,0,1,0
2017-11-19,0,1,0,0
2017-11-20,1,0,0,0
2017-11-20,13,2,0,2
2017-11-20,1,0,0,0
2017-09-18,0,1,0,0
2017-09-18,0,1,2,0
2017-09-18,1,1,0,0
2017-09-18,3,1,3,0
2017-09-18,0,1,0,0
2017-09-18,0,1,0,0
2017-09-18,7,5,5,0
2017-07-15,1,0,0,0
2017-07-15,0,1,0,1
2017-07-14,0,3,0,0
2017-07-15,0,1,0,0
2017-07-15,0,0,0,3
2017-10-21,0,0,2,0
2017-10-21,0,0,0,1
2017-10-21,0,0,0,2
2017-10-21,2,0,0,0
2017-10-21,1,0,0,0
2017-10-21,0,0,1,0
2017-10-21,0,1,0,0
2017-12-31,0,0,1,0
2017-12-31,0,0,1,0
2017-12-31,0,1,0,0
2017-12-31,0,1,0,0
2017-12-30,0,1,0,0
2017-12-30,0,1,0,0
2017-12-30,0,1,0,0
2017-12-17,0,0,0,1
2017-12-17,0,0,1,0
2017-12-17,0,1,0,0
2017-12-17,0,1,0,0
2017-12-17,0,0,1,0
2017-12-17,0,1,0,0
2017-12-17,0,0,0,1
2017-11-21,0,1,0,0
2017-11-21,0,1,0,0
2017-11-21,0,3,0,0
2017-11-21,0,2,0,4
2017-11-21,0,0,1,0
2017-11-21,0,1,0,0
2017-11-21,0,0,0,1
2017-11-21,0,1,0,0
2017-09-03,0,4,0,0
2017-09-03,0,1,0,0
2017-09-04,0,1,0,0
2017-09-04,3,0,6,0
2017-09-04,0,2,0,0
2017-09-04,0,0,0,1
2017-09-17,0,1,0,0
2017-09-17,0,2,0,0
2017-09-17,0,1,0,0
2017-09-17,4,0,0,0
2017-09-17,1,0,0,0
2017-09-17,2,1,1,0
2017-08-29,1,0,2,0
2017-08-29,0,1,0,0
2017-08-29,6,0,2,0
2017-08-29,3,0,3,0
2017-08-29,0,0,1,0
2017-08-28,50,0,65,0
2017-08-29,3,0,4,0
2017-08-29,0,1,0,0
2017-11-29,0,1,0,0
2017-11-28,0,1,0,0
2017-11-29,0,0,0,1
2017-11-29,0,1,0,0
2017-11-29,0,0,1,0
2017-09-26,0,2,0,0
2017-09-26,0,1,0,0
2017-09-26,0,1,0,0
2017-09-26,5,2,2,3
